Навзание проекта,Клиент,Менеджер,Отсрочка,Статья ОПиУ,Статья ДДС,Начислено с НДС,Наличие НДС,Сумма НДС,Начислено без НДС,"ИТОГО, реализация за минуоом штрафа",Оплачено аванс 1,Дата аванса,Оплачено аванс 2,Дата аванса,"УДЕРЖАНИЯ, штрафы",Окончательный расчет,Дата окончательного расчета,Осталось получить по проекту,Дата начала работ,Дата окончания проекта,Дата планового окончания проекта,месяц планового окончания работ,Дата планового поступления ДС,месяц планвого поступления  ДС,Месяц окончания проекта,Год окончания проекта,Продолжительность проекта,ДАТА УПД,Дата выставления акта,Месяц выставления акта,Дата подписания акта,№ Акта,статус акта,Срок подписание акта по п 4.6,,Регион,Статус оплаты,Оплачено,Источник
ЖК Рыбацкое,ООО Самолет УК,,,Реализация услуг Клининг (ОД),Поступление Клининг (ОД),"45 070,42",5%,"2 146,21","42 924,21","45 070,42",,,,,,,,"45 070,42",20.08.2025,19.09.2025,19.09.2025,9,24.02.2026,2,9,2025,30,28.11.2025,28.11.2025,11,23.12.2025,УКД №81,подписан,2.1.2026,,Санкт-Петербург,Не оплачено,"0,00",bez_ryb_NK:2
ЖК Рыбацкое,ООО Самолет УК,,,Реализация услуг Клининг (ОД),Поступление Клининг (ОД),"27 623,81",5%,"1 315,42","26 308,39","27 623,81",,,,,,,,"27 623,81",01.08.2025,19.08.2025,19.08.2025,8,25.02.2026,2,8,2025,18,28.11.2025,28.11.2025,11,23.12.2025,УКД №80,подписан,2.1.2026,,Санкт-Петербург,Не оплачено,"0,00",bez_ryb_NK:3
ЖК Рыбацкое,ООО Самолет УК,,,Реализация услуг Клининг (ОД),Поступление Клининг (ОД),"45 070,42",5%,"2 146,21","42 924,21","45 070,42",,,,,,,,"45 070,42",20.09.2025,19.10.2025,19.10.2025,10,26.02.2026,2,10,2025,29,28.11.2025,28.11.2025,11,23.12.2025,УКД №79,подписан,2.1.2026,,Санкт-Петербург,Не оплачено,"0,00",bez_ryb_NK:4
ЖК Рыбацкое,ООО Самолет УК,,,Реализация услуг Клининг (ОД),Поступление Клининг (ОД),"1 560 971,98",5%,"74 332,00","1 486 639,98","1 248 777,58",,,,,"312 194,40","1 248 777,58",13.02.2026,"0,00",20.08.2025,19.09.2025,19.09.2025,9,13.02.2026,2,9,2025,30,22.09.2025,17.10.2025,10,28.10.2025,упд 29,подписан,27.10.2025,,Санкт-Петербург,Оплачено,"1248777,58",bez_ryb_NK:5
ЖК Рыбацкое,ООО Самолет УК,,,Реализация услуг Клининг (ОД),Поступление Клининг (ОД),"1 404 874,78",5%,"66 898,80","1 337 975,98","1 404 874,78",,,,,,"1 404 874,78",13.02.2026,"0,00",20.09.2025,19.10.2025,19.10.2025,10,13.02.2026,2,10,2025,29,19.10.2025,11.11.2025,11,26.11.2025,упд 51,подписан,06.12.2025,,Санкт-Петербург,Оплачено,"1404874,78",bez_ryb_NK:6
ЖК Рыбацкое,ООО Самолет УК,,,Реализация услуг Клининг (ОД),Поступление Клининг (ОД),"961 874,27",5%,"45 803,54","916 070,73","961 874,27",,,,,,"961 874,27",15.12.2025,"0,00",20.10.2025,19.11.2025,19.11.2025,,,,11,2025,30,19.11.2025,24.11.2025,11,04.12.2025,УПД №67,подписан,14.12.2025,,Санкт-Петербург,Оплачено,"961874,27",bez_ryb_NK:7
ЖК Рыбацкое,ООО Самолет УК,,,Реализация услуг Клининг (ОД),Поступление Клининг (ОД),"1 404 874,78",5%,"66 898,80","1 337 975,98","1 404 874,78",,,,,,"1 404 874,78",13.02.2026,"0,00",20.10.2025,19.11.2025,19.11.2025,11,13.02.2026,2,11,2025,30,19.11.2025,28.11.2025,11,17.12.2025,УПД №68,подписан,27.12.2025,,Санкт-Петербург,Оплачено,"1404874,78",bez_ryb_NK:8
ЖК Рыбацкое,ООО Самолет УК,,,Реализация услуг Клининг (ОД),Поступление Клининг (ОД),"1 176 625,45",5%,"56 029,78","1 120 595,67","1 176 625,45",,,,,,"1 176 625,45",03.02.2026,"0,00",20.10.2025,19.11.2025,19.11.2025,11,03.02.2026,2,11,2025,30,19.11.2025,24.11.2025,11,22.12.2025,УПД №69,подписан,1.1.2026,,Санкт-Петербург,Оплачено,"1176625,45",bez_ryb_NK:9
ЖК Курортный,ООО Самолет УК,,,Реализация услуг Клининг (ОД),Поступление Клининг (ОД),"260 891,84",5%,"12 423,42","248 468,42","260 891,84",,,,,,"260 891,84",09.12.2025,"0,00",20.10.2025,19.11.2025,19.11.2025,,09.12.2025,12,11,2025,30,19.11.2025,24.11.2025,11,02.12.2025,УПД №61,подписан,12.12.2025,,Санкт-Петербург,Оплачено,"260891,84",bez_ryb_NK:10
ЖК Курортный,ООО Самолет УК,,,Реализация услуг Клининг (ОД),Поступление Клининг (ОД),"407 255,33",5%,"19 393,11","387 862,22","407 255,33",,,,,,"407 255,33",09.12.2025,"0,00",20.10.2025,19.11.2025,19.11.2025,,09.12.2025,12,11,2025,30,19.11.2025,24.11.2025,11,02.12.2025,УПД №62 ,подписан,12.12.2025,,Санкт-Петербург,Оплачено,"407255,33",bez_ryb_NK:11
ЖК Курортный,ООО Самолет УК,,,Реализация услуг Клининг (ОД),Поступление Клининг (ОД),"548 524,36",5%,"26 120,21","522 404,15","548 524,36",,,,,,"548 524,36",19.12.2025,"0,00",20.10.2025,19.11.2025,19.11.2025,,19.12.2025,12,11,2025,30,19.11.2025,24.11.2025,11,17.12.2025,УПД №63,подписан,27.12.2025,,Санкт-Петербург,Оплачено,"548524,36",bez_ryb_NK:12
ЖК Курортный,ООО Самолет УК,,,Реализация услуг Клининг (ДУ),Поступление Клининг (ДУ),"233 873,05",5%,"11 136,81","222 736,24","233 873,05",,,,,,"233 873,05",09.12.2025,"0,00",20.10.2025,19.11.2025,19.11.2025,,09.12.2025,12,11,2025,30,19.11.2025,24.11.2025,11,02.12.2025,УПД №64,подписан,12.12.2025,,Санкт-Петербург,Оплачено,"233873,05",bez_ryb_NK:13
ЖК Астрид,ООО Самолет УК,,,Реализация услуг Клининг (ОД),Поступление Клининг (ОД),"347 995,12",5%,"16 571,20","331 423,92","347 995,12",,,,,,"347 995,12",11.12.2025,"0,00",20.10.2025,19.11.2025,19.11.2025,,11.12.2025,12,11,2025,30,19.11.2025,24.11.2025,11,02.12.2025,УПД №65,подписан,12.12.2025,,Санкт-Петербург,Оплачено,"347995,12",bez_ryb_NK:14
ЖК Астрид,ООО Самолет УК,,,Реализация услуг Клининг (ОД),Поступление Клининг (ОД),"425 589,99",5%,"20 266,19","405 323,80","425 589,99",,,,,,"425 589,99",11.12.2025,"0,00",20.10.2025,19.11.2025,19.11.2025,,11.12.2025,12,11,2025,30,19.11.2025,24.11.2025,11,02.12.2025,УПД №66,подписан,12.12.2025,,Санкт-Петербург,Оплачено,"425589,99",bez_ryb_NK:15
ЖК Новое К,ООО Самолет УК,,,Реализация услуг Клининг (ОД),Поступление Клининг (ОД),"677 663,74",5%,"32 269,70","645 394,04","677 663,74",,,,,,"677 663,74",15.12.2025,"0,00",20.10.2025,19.11.2025,19.11.2025,,15.12.2025,12,11,2025,30,19.11.2025,24.11.2025,11,04.12.2025,УПД №70,подписан,14.12.2025,,Санкт-Петербург,Оплачено,"677663,74",bez_ryb_NK:16
ЖК Новое К,ООО Самолет УК,,,Реализация услуг Клининг (ОД),Поступление Клининг (ОД),"636 310,74",5%,"30 300,51","606 010,23","636 310,74",,,,,,"636 310,74",15.12.2025,"0,00",20.10.2025,19.11.2025,19.11.2025,,15.12.2025,12,11,2025,30,19.11.2025,24.11.2025,11,04.12.2025,УПД №71,подписан,14.12.2025,,Санкт-Петербург,Оплачено,"636310,74",bez_ryb_NK:17
ЖК Новое К,ООО Самолет УК,,,Реализация услуг Клининг (ОД),Поступление Клининг (ОД),"585 952,74",5%,"27 902,51","558 050,23","585 952,74",,,,,,"585 952,74",15.12.2025,"0,00",20.10.2025,19.11.2025,19.11.2025,,15.12.2025,12,11,2025,30,19.11.2025,24.11.2025,11,04.12.2025,УПД №72,подписан,14.12.2025,,Санкт-Петербург,Оплачено,"585952,74",bez_ryb_NK:18
ЖК Новое К,ООО Самолет - Сервис СПБ,,,Реализация услуг Клининг (ОД),Поступление Клининг (ОД),"349 959,32",5%,"16 664,73","333 294,59","349 959,32",,,,,,"349 959,32",27.01.2026,"0,00",20.10.2025,10.11.2025,10.11.2025,11,27.01.2026,1,11,2025,21,19.11.2025,24.11.2025,11,19.01.2026,УПД №73,подписан,29.01.2026,,Санкт-Петербург,Оплачено,"349959,32",bez_ryb_NK:19
ЖК Новое К,ООО Самолет - Сервис СПБ,,,Реализация услуг Клининг (ОД),Поступление Клининг (ОД),"346 086,21",5%,"16 480,30","329 605,91","346 086,21",,,,,,"346 086,21",19.12.2025,"0,00",20.10.2025,19.11.2025,19.11.2025,,20.10.2025,10,11,2025,30,19.11.2025,24.11.2025,11,,УПД №74,подписан,,,Санкт-Петербург,Оплачено,"346086,21",bez_ryb_NK:20
ЖК Новое К,ООО Самолет - Сервис СПБ,,,Реализация услуг Клининг (ОД),Поступление Клининг (ОД),"335 188,08",5%,"15 961,34","319 226,74","335 188,08",,,,,,"335 188,08",19.12.2025,"0,00",20.10.2025,19.11.2025,19.11.2025,,20.10.2025,10,11,2025,30,19.11.2025,24.11.2025,11,,УПД №75,подписан,,,Санкт-Петербург,Оплачено,"335188,08",bez_ryb_NK:21
ЖК Космонавтов 11,ООО ПИК-Комфорт Профи,,,Реализация услуг Клининг (ОД),Поступление Клининг (ОД),"1 469 645,84",5%,"69 983,14","1 399 662,70","1 469 645,84","836 031,51",22.01.2026,,,,"633 614,33",29.01.2026,"0,00",01.11.2025,30.11.2025,30.11.2025,11,29.01.2026,1,11,2025,29,30.11.2025,04.12.2025,12,,УПД 77,подписан,9.1.1900,,Екатеринбург,Оплачено,"1469645,84",bez_ryb_NK:22
ЖК Исеть Парк,ООО ПИК-Комфорт Профи,,,Реализация услуг Клининг (ОД),Поступление Клининг (ОД),"903 397,19",5%,"43 018,91","860 378,28","903 397,19",,,,,,"903 397,19",29.01.2026,"0,00",01.11.2025,30.11.2025,30.11.2025,11,29.01.2026,1,11,2025,29,30.11.2025,04.12.2025,12,,УПД 77,подписан,9.1.1900,,Екатеринбург,Оплачено,"903397,19",bez_ryb_NK:23
ЖК Утес,ООО ПИК-Комфорт Профи,,,Реализация услуг Клининг (ОД),Поступление Клининг (ОД),"262 988,48",5%,"12 523,26","250 465,22","262 988,48",,,,,,"262 988,48",29.01.2026,"0,00",01.11.2025,30.11.2025,30.11.2025,11,29.01.2026,1,11,2025,29,30.11.2025,04.12.2025,12,,УПД 77,подписан,9.1.1900,,Екатеринбург,Оплачено,"262988,48",bez_ryb_NK:24
ЖК Космонавтов 11,ООО ПИК-Комфорт Профи,,,Реализация услуг Клининг (ОД),Поступление Клининг (ОД),"322 211,41",5%,"15 343,40","306 868,01","322 211,41",,,,,,"322 211,41",05.02.2026,"0,00",01.11.2025,30.11.2025,30.11.2025,11,05.02.2026,2,11,2025,29,30.11.2025,30.11.2025,11,24.12.2025,укд 99,подписан,03.01.2026,,Екатеринбург,Оплачено,"322211,41",bez_ryb_NK:25
ЖК Рыбацкое,ООО Самолет УК,,,Реализация услуг Клининг (ОД),Поступление Клининг (ОД),"1 560 971,98",5%,"74 332,00","1 486 639,98","1 248 777,58",,,,,"312 194,40","1 248 777,58",05.02.2026,"0,00",20.11.2025,19.12.2025,19.12.2025,12,05.02.2026,2,12,2025,29,19.12.2025,12.1.2026,1,19.01.2026,упд 90,подписан,29.01.2026,,Санкт-Петербург,Оплачено,"1248777,58",bez_ryb_NK:26
ЖК Рыбацкое,ООО Самолет УК,,,Реализация услуг Клининг (ОД),Поступление Клининг (ОД),"1 412 096,11",5%,"67 242,67","1 344 853,44","1 412 096,11",,,,,,"1 412 096,11",05.02.2026,"0,00",20.11.2025,19.12.2025,19.12.2025,12,05.02.2026,2,12,2025,29,19.12.2025,12.1.2026,1,19.01.2026,упд 89,подписан,29.01.2026,,Санкт-Петербург,Оплачено,"1412096,11",bez_ryb_NK:27
ЖК Рыбацкое,ООО Самолет УК,,,Реализация услуг Клининг (ОД),Поступление Клининг (ОД),"1 176 625,45",5%,"56 029,78","1 120 595,67","1 176 625,45",,,,,,"1 176 625,45",03.02.2026,"0,00",20.11.2025,19.12.2025,19.12.2025,12,03.02.2026,2,12,2025,29,19.12.2025,24.12.2025,12,16.01.2026,упд 88,подписан,26.01.2026,,Санкт-Петербург,Оплачено,"1176625,45",bez_ryb_NK:28
ЖК Курортный,ООО Самолет УК,,,Реализация услуг Клининг (ОД),Поступление Клининг (ОД),"822 304,85",5%,"39 157,37","783 147,48","822 304,85",,,,,,"822 304,85",22.01.2026,"0,00",20.11.2025,19.12.2025,19.12.2025,12,22.01.2026,1,12,2025,29,19.12.2025,29.12.2025,12,16.01.2026,упд 95,подписан,26.01.2026,,Санкт-Петербург,Оплачено,"822304,85",bez_ryb_NK:29
ЖК Курортный,ООО Самолет УК,,,Реализация услуг Клининг (ОД),Поступление Клининг (ОД),"407 255,33",5%,"19 393,11","387 862,22","407 255,33",,,,,,"407 255,33",22.01.2026,"0,00",20.11.2025,19.12.2025,19.12.2025,12,22.01.2026,1,12,2025,29,19.12.2025,22.12.2025,12,16.01.2026,упд 94,подписан,26.01.2026,,Санкт-Петербург,Оплачено,"407255,33",bez_ryb_NK:30
ЖК Курортный,ООО Самолет УК,,,Реализация услуг Клининг (ОД),Поступление Клининг (ОД),"472 881,57",5%,"22 518,17","450 363,40","472 881,57",,,,,,"472 881,57",03.02.2026,"0,00",20.11.2025,19.12.2025,19.12.2025,12,03.02.2026,2,12,2025,29,19.12.2025,29.12.2025,12,16.01.2026,упд 93,подписан,26.01.2026,,Санкт-Петербург,Оплачено,"472881,57",bez_ryb_NK:31
ЖК Курортный,ООО Самолет УК,,,Реализация услуг Клининг (ДУ),Поступление Клининг (ДУ),"233 873,05",5%,"11 136,81","222 736,24","233 873,05",,,,,,"233 873,05",22.01.2026,"0,00",20.11.2025,19.12.2025,19.12.2025,12,22.01.2026,1,12,2025,29,19.12.2025,24.12.2025,12,16.01.2026,упд 96,подписан,26.01.2026,,Санкт-Петербург,Оплачено,"233873,05",bez_ryb_NK:32
ЖК Астрид,ООО Самолет УК,,,Реализация услуг Клининг (ОД),Поступление Клининг (ОД),"425 589,99",5%,"20 266,19","405 323,80","425 589,99",,,,,,"425 589,99",27.01.2026,"0,00",20.11.2025,19.12.2025,19.12.2025,12,27.01.2026,1,12,2025,29,19.12.2025,24.12.2025,12,16.01.2026,упд 92,подписан,26.01.2026,,Санкт-Петербург,Оплачено,"425589,99",bez_ryb_NK:33
ЖК Астрид,ООО Самолет УК,,,Реализация услуг Клининг (ОД),Поступление Клининг (ОД),"386 661,24",5%,"18 412,44","368 248,80","386 661,24",,,,,,"386 661,24",27.01.2026,"0,00",20.11.2025,19.12.2025,19.12.2025,12,27.01.2026,1,12,2025,29,19.12.2025,24.12.2025,12,16.01.2026,упд 91,подписан,26.01.2026,,Санкт-Петербург,Оплачено,"386661,24",bez_ryb_NK:34
ЖК Курортный,ООО Самолет УК,,,Реализация услуг Клининг (ОД),Поступление Клининг (ОД),"407 255,33",5%,"19 393,11","387 862,22","407 255,33",,,,,,,,"407 255,33",20.11.2025,19.12.2025,19.12.2025,12,24.02.2026,2,12,2025,29,19.12.2025,24.12.2025,12,16.01.2026,упд 94,подписан,26.01.2026,,Санкт-Петербург,Не оплачено,"0,00",bez_ryb_NK:35
ЖК Новое К,ООО Самолет УК,,,Реализация услуг Клининг (ОД),Поступление Клининг (ОД),"677 663,74",5%,"32 269,70","645 394,04","677 663,74",,,,,,"677 663,74",27.01.2026,"0,00",20.11.2025,19.12.2025,19.12.2025,12,27.01.2026,1,12,2025,29,19.12.2025,24.12.2025,12,16.01.2026,УПД №85,подписан,26.01.2026,,Санкт-Петербург,Оплачено,"677663,74",bez_ryb_NK:36
ЖК Новое К,ООО Самолет УК,,,Реализация услуг Клининг (ОД),Поступление Клининг (ОД),"857 075,74",5%,"40 813,13","816 262,61","636 310,74",,,,,"220 765,00","636 310,74",27.01.2026,"0,00",20.11.2025,19.12.2025,19.12.2025,12,27.01.2026,1,12,2025,29,19.12.2025,29.12.2025,12,16.01.2026,упд 86,подписан,26.01.2026,,Санкт-Петербург,Оплачено,"636310,74",bez_ryb_NK:37
ЖК Новое К,ООО Самолет УК,,,Реализация услуг Клининг (ОД),Поступление Клининг (ОД),"585 952,74",5%,"27 902,51","558 050,23","585 952,74",,,,,,"585 952,74",27.01.2026,"0,00",20.11.2025,19.12.2025,19.12.2025,12,27.01.2026,1,12,2025,29,19.12.2025,24.12.2025,12,16.01.2026,упд 87,подписан,26.01.2026,,Санкт-Петербург,Оплачено,"585952,74",bez_ryb_NK:38
ЖК Новое К,ООО Самолет - Сервис СПБ,,,Реализация услуг Клининг (ОД),Поступление Клининг (ОД),"335 188,08",5%,"15 961,34","319 226,74","335 188,08",,,,,,"335 188,08",27.01.2026,"0,00",20.11.2025,19.12.2025,19.12.2025,12,27.01.2026,1,12,2025,29,19.12.2025,24.12.2025,12,19.01.2026,упд 84,подписан,29.01.2026,,Санкт-Петербург,Оплачено,"335188,08",bez_ryb_NK:39
ЖК Новое К,ООО Самолет - Сервис СПБ,,,Реализация услуг Клининг (ОД),Поступление Клининг (ОД),"346 086,21",5%,"16 480,30","329 605,91","346 086,21",,,,,,"346 086,21",27.01.2026,"0,00",20.11.2025,19.12.2025,19.12.2025,12,27.01.2026,1,12,2025,29,19.12.2025,24.12.2025,12,19.01.2026,упд 83,подписан,29.01.2026,,Санкт-Петербург,Оплачено,"346086,21",bez_ryb_NK:40
ЖК Космонавтов 11,ООО ПИК-Комфорт Профи,,,Реализация услуг Клининг (ОД),Поступление Клининг (ОД),"1 791 676,56",5%,"85 317,93","1 706 358,63","1 791 676,56","1 450 000,00",19.02.2026,,,,,,"341 676,56",01.12.2025,31.12.2025,31.12.2025,12,19.02.2026,2,12,2025,30,31.12.2025,13.01.2026,1,16.01.2026,упд 98,подписан,26.01.2026,,Екатеринбург,Частично,"1450000,00",bez_ryb_NK:41
ЖК Космонавтов 11,ООО ПИК-Комфорт Профи,,,Реализация услуг Клининг (снег),Поступление Клининг (снег),"113 400,00",5%,"5 400,00","108 000,00","113 400,00",,,,,,"113 400,00",19.02.2026,"0,00",22.12.2025,01.01.2026,01.01.2026,1,19.02.2026,2,1,2026,10,24.12.2025,27.01.2026,1,,упд 108,подписан,09.01.1900,,Екатеринбург,Оплачено,"113400,00",bez_ryb_NK:42
ЖК Исеть Парк,ООО ПИК-Комфорт Профи,,,Реализация услуг Клининг (ОД),Поступление Клининг (ОД),"903 397,19",5%,"43 018,91","860 378,28","903 397,19",,,,,,,,"903 397,19",01.12.2025,31.12.2025,31.12.2025,12,24.02.2026,2,12,2025,30,31.12.2025,13.01.2026,1,16.01.2026,упд 98,подписан,26.01.2026,,Екатеринбург,Не оплачено,"0,00",bez_ryb_NK:43
ЖК Исеть Парк,ООО ПИК-Комфорт Профи,,,Реализация услуг Клининг (снег),Поступление Клининг (снег),"233 651,26",5%,"11 126,25","222 525,01","233 651,26",,,,,,"233 651,26",19.02.2026,"0,00",22.12.2025,01.01.2026,01.01.2026,1,19.02.2026,2,1,2026,10,24.12.2025,27.01.2026,1,,упд 103,подписан,,,Екатеринбург,Оплачено,"233651,26",bez_ryb_NK:44
ЖК Утес,ООО ПИК-Комфорт Профи,,,Реализация услуг Клининг (снег),Поступление Клининг (снег),"21 380,63",5%,"1 018,13","20 362,50","21 380,63",,,,,,"21 380,63",19.02.2026,"0,00",22.12.2025,01.01.2026,01.01.2026,1,19.02.2026,2,1,2026,10,24.12.2025,27.01.2026,1,,упд 103,подписан,,,Екатеринбург,Оплачено,"21380,63",bez_ryb_NK:45
ЖК Утес,ООО ПИК-Комфорт Профи,,,Реализация услуг Клининг (ОД),Поступление Клининг (ОД),"262 988,48",5%,"12 523,26","250 465,22","262 988,48",,,,,,,,"262 988,48",01.12.2025,31.12.2025,31.12.2025,12,24.02.2026,2,12,2025,30,31.12.2025,13.01.2026,1,16.01.2026,упд 98,подписан,26.01.2026,,Екатеринбург,Не оплачено,"0,00",bez_ryb_NK:46
ЖК Рыбацкое,ООО Самолет УК,,,Реализация услуг Клининг (ОД),Поступление Клининг (ОД),"1 560 971,98",5%,"74 332,00","1 486 639,98","1 326 826,18",,,,,"234 145,80",,,"1 326 826,18",20.12.2025,19.01.2026,19.01.2026,1,26.03.2026,3,1,2026,30,19.01.2026,05.02.2026,2,19.02.2026,упд 9,подписан,01.03.2026,,Санкт-Петербург,Не оплачено,"0,00",bez_ryb_NK:47
ЖК Рыбацкое,ООО Самолет УК,,,Реализация услуг Клининг (ОД),Поступление Клининг (ОД),"1 412 096,11",5%,"67 242,67","1 344 853,44","1 129 676,89",,,,,"282 419,22",,,"1 129 676,89",20.12.2025,19.01.2026,19.01.2026,1,26.03.2026,3,1,2026,30,19.01.2026,05.02.2026,2,19.02.2026,упд 8,подписан,01.03.2026,,Санкт-Петербург,Не оплачено,"0,00",bez_ryb_NK:48
ЖК Рыбацкое,ООО Самолет УК,,,Реализация услуг Клининг (ОД),Поступление Клининг (ОД),"1 176 625,45",5%,"56 029,78","1 120 595,67","1 176 625,45",,,,,,,,"1 176 625,45",20.12.2025,19.01.2026,19.01.2026,1,26.03.2026,3,1,2026,30,19.01.2026,22.01.2026,1,19.02.2026,упд 7,подписан,01.03.2026,,Санкт-Петербург,Не оплачено,"0,00",bez_ryb_NK:49
ЖК Новое К,ООО Самолет УК,,,Реализация услуг Клининг (ОД),Поступление Клининг (ОД),"677 663,74",5%,"32 269,70","645 394,04","677 663,74",,,,,,,,"677 663,74",20.12.2025,19.01.2026,19.01.2026,1,17.03.2026,3,1,2026,30,19.01.2026,22.01.2026,1,10.02.2026,упд 12,подписан,20.02.2026,,Санкт-Петербург,Не оплачено,"0,00",bez_ryb_NK:50
ЖК Новое К,ООО Самолет УК,,,Реализация услуг Клининг (ОД),Поступление Клининг (ОД),"857 075,74",5%,"40 813,13","816 262,61","636 310,74",,,,,"220 765,00",,,"636 310,74",20.12.2025,19.01.2026,19.01.2026,1,17.03.2026,3,1,2026,30,19.01.2026,28.01.2026,1,10.02.2026,упд 13,подписан,20.02.2026,,Санкт-Петербург,Не оплачено,"0,00",bez_ryb_NK:51
ЖК Новое К,ООО Самолет УК,,,Реализация услуг Клининг (ОД),Поступление Клининг (ОД),"585 952,74",5%,"27 902,51","558 050,23","585 952,74",,,,,,,,"585 952,74",20.12.2025,19.01.2026,19.01.2026,1,17.03.2026,3,1,2026,30,19.01.2026,22.01.2026,1,10.02.2026,упд 14,подписан,,,Санкт-Петербург,Не оплачено,"0,00",bez_ryb_NK:52
ЖК Новое К,ООО Самолет - Сервис СПБ,,,Реализация услуг Клининг (ОД),Поступление Клининг (ОД),"335 188,08",5%,"15 961,34","319 226,74","335 188,08",,,,,,"335 188,08",17.02.2026,"0,00",20.12.2025,19.01.2026,19.01.2026,1,17.02.2026,2,1,2026,30,19.01.2026,22.01.2026,1,10.02.2026,упд 11,подписан,20.02.2026,,Санкт-Петербург,Оплачено,"335188,08",bez_ryb_NK:53
ЖК Новое К,ООО Самолет - Сервис СПБ,,,Реализация услуг Клининг (ОД),Поступление Клининг (ОД),"346 086,21",5%,"16 480,30","329 605,91","346 086,21",,,,,,"346 086,21",19.02.2026,"0,00",20.12.2025,19.01.2026,19.01.2026,1,19.02.2026,2,1,2026,30,19.01.2026,22.01.2026,1,10.02.2026,упд 10,подписан,20.02.2026,,Санкт-Петербург,Оплачено,"346086,21",bez_ryb_NK:54
ЖК Астрид,ООО Самолет УК,,,Реализация услуг Клининг (ОД),Поступление Клининг (ОД),"425 589,99",5%,"20 266,19","405 323,80","395 589,99",,,,,"30 000,00",,,"395 589,99",20.12.2025,19.01.2026,19.01.2026,1,17.03.2026,3,1,2026,30,19.01.2026,05.02.2026,2,10.02.2026,упд 6,подписан,,,Санкт-Петербург,Не оплачено,"0,00",bez_ryb_NK:55
ЖК Астрид,ООО Самолет УК,,,Реализация услуг Клининг (ОД),Поступление Клининг (ОД),"386 661,24",5%,"18 412,44","368 248,80","386 661,24",,,,,,,,"386 661,24",20.12.2025,19.01.2026,19.01.2026,1,17.03.2026,3,1,2026,30,19.01.2026,22.01.2026,1,10.02.2026,упд 5,подписан,,,Санкт-Петербург,Не оплачено,"0,00",bez_ryb_NK:56
ЖК Курортный,ООО Самолет УК,,,Реализация услуг Клининг (ДУ),Поступление Клининг (ДУ),"69 571,80",5%,"3 312,94","66 258,86","69 571,80",,,,,,,,"69 571,80",20.11.2025,19.12.2025,19.12.2025,12,,,12,2025,29,,,,,,,09.01.1900,,Санкт-Петербург,Не оплачено,"0,00",bez_ryb_NK:57
ЖК Курортный,ООО Самолет УК,,,Реализация услуг Клининг (ДУ),Поступление Клининг (ДУ),"109 808,43",5%,"5 228,97","104 579,46","109 808,43",,,,,,"109 808,43",05.02.2026,"0,00",20.11.2025,19.12.2025,19.12.2025,12,05.02.2026,2,12,2025,29,29.12.2025,12.01.2026,1,16.01.2026,упд 102,подписан,26.01.2026,,Санкт-Петербург,Оплачено,"109808,43",bez_ryb_NK:58
ЖК Курортный,ООО Самолет УК,,,Реализация услуг Клининг (ДУ),Поступление Клининг (ДУ),"44 374,73",5%,"2 113,08","42 261,65","44 374,73",,,,,,,,"44 374,73",10.12.2025,19.12.2025,19.12.2025,12,,,12,2025,9,29.12.2025,14.01.2026,1,,УКД 101,отказ,09.01.1900,,Санкт-Петербург,Не оплачено,"0,00",bez_ryb_NK:59
ЖК Курортный,ООО Самолет УК,,,Реализация услуг Клининг (ОД),Поступление Клининг (ОД),"578 745,61",5%,"27 559,31","551 186,30","578 745,61",,,,,,,,"578 745,61",20.12.2025,19.01.2026,19.01.2026,1,17.03.2026,3,1,2026,30,19.01.2026,28.01.2026,1,10.02.2026,упд 2,подписан,20.02.2026,,Санкт-Петербург,Не оплачено,"0,00",bez_ryb_NK:60
ЖК Курортный,ООО Самолет УК,,,Реализация услуг Клининг (ОД),Поступление Клининг (ОД),"407 255,33",5%,"19 393,11","387 862,22","407 255,33",,,,,,,,"407 255,33",20.12.2025,19.01.2026,19.01.2026,1,17.03.2026,3,1,2026,30,19.01.2026,28.01.2026,1,10.02.2026,упд 3,подписан,20.02.2026,,Санкт-Петербург,Не оплачено,"0,00",bez_ryb_NK:61
ЖК Курортный,ООО Самолет УК,,,Реализация услуг Клининг (ОД),Поступление Клининг (ОД),"822 304,85",5%,"39 157,37","783 147,48","822 304,85",,,,,,,,"822 304,85",20.12.2025,19.01.2026,19.01.2026,1,17.03.2026,3,1,2026,30,19.01.2026,28.01.2026,1,10.02.2026,упд 15,подписан,20.02.2026,,Санкт-Петербург,Не оплачено,"0,00",bez_ryb_NK:62
ЖК Курортный,ООО Самолет УК,,,Реализация услуг Клининг (ДУ),Поступление Клининг (ДУ),"404 260,09",5%,"19 250,48","385 009,61","404 260,09",,,,,,,,"404 260,09",20.12.2025,19.01.2026,19.01.2026,1,17.03.2026,3,1,2026,30,19.01.2026,28.01.2026,1,10.02.2026,упд 16,подписан,20.02.2026,,Санкт-Петербург,Не оплачено,"0,00",bez_ryb_NK:63
ЖК Курортный,ООО Самолет УК,,,Реализация услуг Клининг (ДУ),Поступление Клининг (ДУ),"281 102,78",5%,"13 385,85","267 716,93","281 102,78",,,,,,,,"281 102,78",20.12.2025,19.01.2026,19.01.2026,1,17.03.2026,,1,2026,30,19.01.2026,28.01.2026,1,10.02.2026,упд 4,подписан,20.02.2026,,Санкт-Петербург,Не оплачено,"0,00",bez_ryb_NK:64
ЖК Космонавтов 11,ООО ПИК-Комфорт Профи,,,Реализация услуг Клининг (ОД),Поступление Клининг (ОД),"1 791 676,56",5%,"85 317,93","1 706 358,63","1 791 676,56",,,,,,,,"1 791 676,56",01.01.2026,31.01.2026,31.01.2026,1,,,1,2026,30,,,,,,,,,Екатеринбург,Не оплачено,"0,00",bez_ryb_NK:65
ЖК Исеть Парк,ООО ПИК-Комфорт Профи,,,Реализация услуг Клининг (ОД),Поступление Клининг (ОД),"903 397,19",5%,"43 018,91","860 378,28","903 397,19",,,,,,,,"903 397,19",01.01.2026,31.01.2026,31.01.2026,1,,,1,2026,30,,,,,,,,,Екатеринбург,Не оплачено,"0,00",bez_ryb_NK:66
ЖК Утес,ООО ПИК-Комфорт Профи,,,Реализация услуг Клининг (ОД),Поступление Клининг (ОД),"262 988,48",5%,"12 523,26","250 465,22","262 988,48",,,,,,,,"262 988,48",01.01.2026,31.01.2026,31.01.2026,1,,,1,2026,30,,,,,,,,,Екатеринбург,Не оплачено,"0,00",bez_ryb_NK:67
ЖК Нокса Парк,ООО ПИК-Комфорт Профи,,,Реализация услуг Клининг (ОД),Поступление Клининг (ОД),"480 526,60",5%,"22 882,22","457 644,38","480 526,60",,,,,,,,"480 526,60",01.01.2026,31.01.2026,31.01.2026,1,,,1,2026,30,,,,,,,9.1.1900,,Екатеринбург,Не оплачено,"0,00",bez_ryb_NK:68
ЖК Рыбацкое,ООО Самолет УК,,,Реализация услуг Клининг (ОД),Поступление Клининг (ОД),"1 560 971,98",5%,"74 332,00","1 486 639,98","1 560 971,98",,,,,,,,"1 560 971,98",20.01.2026,19.02.2026,19.02.2026,2,,,2,2026,30,,,,,,,09.01.1900,,Санкт-Петербург,Не оплачено,"0,00",bez_ryb_NK:69
ЖК Рыбацкое,ООО Самолет УК,,,Реализация услуг Клининг (ОД),Поступление Клининг (ОД),"1 412 096,11",5%,"67 242,67","1 344 853,44","1 412 096,11",,,,,,,,"1 412 096,11",20.01.2026,19.02.2026,19.02.2026,2,,,2,2026,30,,,,,,,09.01.1900,,Санкт-Петербург,Не оплачено,"0,00",bez_ryb_NK:70
ЖК Рыбацкое,ООО Самолет УК,,,Реализация услуг Клининг (ОД),Поступление Клининг (ОД),"1 176 625,45",5%,"56 029,78","1 120 595,67","1 176 625,45",,,,,,,,"1 176 625,45",20.01.2026,19.02.2026,19.02.2026,2,,,2,2026,30,,,,,,,09.01.1900,,Санкт-Петербург,Не оплачено,"0,00",bez_ryb_NK:71
ЖК Новое К,ООО Самолет УК,,,Реализация услуг Клининг (ОД),Поступление Клининг (ОД),"677 663,74",5%,"32 269,70","645 394,04","677 663,74",,,,,,,,"677 663,74",20.01.2026,19.02.2026,19.02.2026,2,,,2,2026,30,,,,,,,,,Санкт-Петербург,Не оплачено,"0,00",bez_ryb_NK:72
ЖК Новое К,ООО Самолет УК,,,Реализация услуг Клининг (ОД),Поступление Клининг (ОД),"857 075,74",5%,"40 813,13","816 262,61","857 075,74",,,,,,,,"857 075,74",20.01.2026,19.02.2026,19.02.2026,2,,,2,2026,30,,,,,,,09.01.1900,,Санкт-Петербург,Не оплачено,"0,00",bez_ryb_NK:73
ЖК Новое К,ООО Самолет УК,,,Реализация услуг Клининг (ОД),Поступление Клининг (ОД),"582 952,74",5%,"27 759,65","555 193,09","582 952,74",,,,,,,,"582 952,74",20.01.2026,19.02.2026,19.02.2026,2,,,2,2026,30,,,,,,,09.01.1900,,Санкт-Петербург,Не оплачено,"0,00",bez_ryb_NK:74
ЖК Новое К,ООО Самолет - Сервис СПБ,,,Реализация услуг Клининг (ОД),Поступление Клининг (ОД),"335 188,08",5%,"15 961,34","319 226,74","335 188,08",,,,,,,,"335 188,08",20.01.2026,19.02.2026,19.02.2026,2,,,2,2026,30,,,,,,,09.01.1900,,Санкт-Петербург,Не оплачено,"0,00",bez_ryb_NK:75
ЖК Новое К,ООО Самолет - Сервис СПБ,,,Реализация услуг Клининг (ОД),Поступление Клининг (ОД),"346 086,21",5%,"16 480,30","329 605,91","346 086,21",,,,,,,,"346 086,21",20.01.2026,19.02.2026,19.02.2026,2,,,2,2026,30,,,,,,,09.01.1900,,Санкт-Петербург,Не оплачено,"0,00",bez_ryb_NK:76
ЖК Астрид,ООО Самолет УК,,,Реализация услуг Клининг (ОД),Поступление Клининг (ОД),"425 589,99",5%,"20 266,19","405 323,80","425 589,99",,,,,,,,"425 589,99",20.01.2026,19.02.2026,19.02.2026,2,,,2,2026,30,,,,,,,,,Санкт-Петербург,Не оплачено,"0,00",bez_ryb_NK:77
ЖК Астрид,ООО Самолет УК,,,Реализация услуг Клининг (ОД),Поступление Клининг (ОД),"386 661,24",5%,"18 412,44","368 248,80","386 661,24",,,,,,,,"386 661,24",20.01.2026,19.02.2026,19.02.2026,2,,,2,2026,30,,,,,,,,,Санкт-Петербург,Не оплачено,"0,00",bez_ryb_NK:78
ЖК Курортный,ООО Самолет УК,,,Реализация услуг Клининг (ОД),Поступление Клининг (ОД),"575 041,20",5%,"27 382,91","547 658,29","575 041,20",,,,,,,,"575 041,20",20.01.2026,19.02.2026,19.02.2026,2,,,2,2026,30,,,,,,,09.01.1900,,Санкт-Петербург,Не оплачено,"0,00",bez_ryb_NK:79
ЖК Курортный,ООО Самолет УК,,,Реализация услуг Клининг (ОД),Поступление Клининг (ОД),"405 467,25",5%,"19 307,96","386 159,28","405 467,25",,,,,,,,"405 467,25",20.01.2026,19.02.2026,19.02.2026,2,,,2,2026,30,,,,,,,09.01.1900,,Санкт-Петербург,Не оплачено,"0,00",bez_ryb_NK:80
ЖК Курортный,ООО Самолет УК,,,Реализация услуг Клининг (ОД),Поступление Клининг (ОД),"822 304,85",5%,"39 157,37","783 147,48","822 304,85",,,,,,,,"822 304,85",20.01.2026,19.02.2026,19.02.2026,2,,,2,2026,30,,,,,,,09.01.1900,,Санкт-Петербург,Не оплачено,"0,00",bez_ryb_NK:81
ЖК Курортный,ООО Самолет УК,,,Реализация услуг Клининг (ДУ),Поступление Клининг (ДУ),"932 969,73",5%,"44 427,13","888 542,60","932 969,73",,,,,,,,"932 969,73",20.01.2026,19.02.2026,19.02.2026,2,,,2,2026,30,,,,,,,09.01.1900,,Санкт-Петербург,Не оплачено,"0,00",bez_ryb_NK:82
ЖК Космонавтов 11,ООО ПИК-Комфорт Профи,,,Реализация услуг Клининг (ОД),Поступление Клининг (ОД),"1 791 676,56",5%,"85 317,93","1 706 358,63","1 791 676,56",,,,,,,,"1 791 676,56",01.02.2026,28.02.2026,28.02.2026,2,,,2,2026,27,,,,,,,,,Екатеринбург,Не оплачено,"0,00",bez_ryb_NK:83
ЖК Космонавтов 11,ООО ПИК-Комфорт Профи,,,Реализация услуг Клининг (ОД),Поступление Клининг (ОД),"322 031,72",5%,"15 334,84","306 696,88","322 031,72",,,,,,,,"322 031,72",01.02.2026,28.02.2026,28.02.2026,2,,,2,2026,27,,,,,,,,,Екатеринбург,Не оплачено,"0,00",bez_ryb_NK:84
ЖК Космонавтов 11,ООО ПИК-Комфорт Профи,,,Реализация услуг Клининг (ОД),Поступление Клининг (ОД),"267 263,32",5%,"12 726,82","254 536,50","267 263,32",,,,,,,,"267 263,32",01.04.2026,30.04.2026,30.04.2026,4,,,4,2026,29,,,,,,,,,Екатеринбург,Не оплачено,"0,00",bez_ryb_NK:85
ЖК Исеть Парк,ООО ПИК-Комфорт Профи,,,Реализация услуг Клининг (ОД),Поступление Клининг (ОД),"903 397,19",5%,"43 018,91","860 378,28","903 397,19",,,,,,,,"903 397,19",01.02.2026,28.02.2026,28.02.2026,2,,,2,2026,27,,,,,,,,,Екатеринбург,Не оплачено,"0,00",bez_ryb_NK:86
ЖК Утес,ООО ПИК-Комфорт Профи,,,Реализация услуг Клининг (ОД),Поступление Клининг (ОД),"262 988,48",5%,"12 523,26","250 465,22","262 988,48",,,,,,,,"262 988,48",01.02.2026,28.02.2026,28.02.2026,2,,,2,2026,27,,,,,,,,,Екатеринбург,Не оплачено,"0,00",bez_ryb_NK:87
ЖК Нокса Парк,ООО ПИК-Комфорт Профи,,,Реализация услуг Клининг (ОД),Поступление Клининг (ОД),"595 852,98",5%,"28 373,95","567 479,03","595 852,98",,,,,,,,"595 852,98",01.02.2026,28.02.2026,28.02.2026,2,,,2,2026,27,,,,,,,,,Екатеринбург,Не оплачено,"0,00",bez_ryb_NK:88
ЖК Рыбацкое,ООО Самолет УК,,,Реализация услуг Клининг (ОД),Поступление Клининг (ОД),"1 560 971,98",5%,"74 332,00","1 486 639,98","1 560 971,98",,,,,,,,"1 560 971,98",20.02.2026,19.03.2026,19.03.2026,3,,,3,2026,27,,,,,,,09.01.1900,,Санкт-Петербург,Не оплачено,"0,00",bez_ryb_NK:89
ЖК Рыбацкое,ООО Самолет УК,,,Реализация услуг Клининг (ОД),Поступление Клининг (ОД),"1 412 096,11",5%,"67 242,67","1 344 853,44","1 412 096,11",,,,,,,,"1 412 096,11",20.02.2026,19.03.2026,19.03.2026,3,,,3,2026,27,,,,,,,09.01.1900,,Санкт-Петербург,Не оплачено,"0,00",bez_ryb_NK:90
ЖК Рыбацкое,ООО Самолет УК,,,Реализация услуг Клининг (ОД),Поступление Клининг (ОД),"1 176 625,45",5%,"56 029,78","1 120 595,67","1 176 625,45",,,,,,,,"1 176 625,45",20.02.2026,19.03.2026,19.03.2026,3,,,3,2026,27,,,,,,,09.01.1900,,Санкт-Петербург,Не оплачено,"0,00",bez_ryb_NK:91
ЖК Новое К,ООО Самолет УК,,,Реализация услуг Клининг (ОД),Поступление Клининг (ОД),"677 663,74",5%,"32 269,70","645 394,04","677 663,74",,,,,,,,"677 663,74",20.02.2026,19.03.2026,19.03.2026,3,,,3,2026,27,,,,,,,,,Санкт-Петербург,Не оплачено,"0,00",bez_ryb_NK:92
ЖК Новое К,ООО Самолет УК,,,Реализация услуг Клининг (ОД),Поступление Клининг (ОД),"857 075,74",5%,"40 813,13","816 262,61","857 075,74",,,,,,,,"857 075,74",20.02.2026,19.03.2026,19.03.2026,3,,,3,2026,27,,,,,,,09.01.1900,,Санкт-Петербург,Не оплачено,"0,00",bez_ryb_NK:93
ЖК Новое К,ООО Самолет УК,,,Реализация услуг Клининг (ОД),Поступление Клининг (ОД),"582 952,74",5%,"27 759,65","555 193,09","582 952,74",,,,,,,,"582 952,74",20.02.2026,19.03.2026,19.03.2026,3,,,3,2026,27,,,,,,,09.01.1900,,Санкт-Петербург,Не оплачено,"0,00",bez_ryb_NK:94
ЖК Новое К,ООО Самолет - Сервис СПБ,,,Реализация услуг Клининг (ОД),Поступление Клининг (ОД),"335 188,08",5%,"15 961,34","319 226,74","335 188,08",,,,,,,,"335 188,08",20.02.2026,19.03.2026,19.03.2026,3,,,3,2026,27,,,,,,,09.01.1900,,Санкт-Петербург,Не оплачено,"0,00",bez_ryb_NK:95
ЖК Новое К,ООО Самолет - Сервис СПБ,,,Реализация услуг Клининг (ОД),Поступление Клининг (ОД),"346 086,21",5%,"16 480,30","329 605,91","346 086,21",,,,,,,,"346 086,21",20.02.2026,19.03.2026,19.03.2026,3,,,3,2026,27,,,,,,,09.01.1900,,Санкт-Петербург,Не оплачено,"0,00",bez_ryb_NK:96
ЖК Астрид,ООО Самолет УК,,,Реализация услуг Клининг (ОД),Поступление Клининг (ОД),"425 589,99",5%,"20 266,19","405 323,80","425 589,99",,,,,,,,"425 589,99",20.02.2026,19.03.2026,19.03.2026,3,,,3,2026,27,,,,,,,,,Санкт-Петербург,Не оплачено,"0,00",bez_ryb_NK:97
ЖК Астрид,ООО Самолет УК,,,Реализация услуг Клининг (ОД),Поступление Клининг (ОД),"386 661,24",5%,"18 412,44","368 248,80","386 661,24",,,,,,,,"386 661,24",20.02.2026,19.03.2026,19.03.2026,3,,,3,2026,27,,,,,,,,,Санкт-Петербург,Не оплачено,"0,00",bez_ryb_NK:98
ЖК Курортный,ООО Самолет УК,,,Реализация услуг Клининг (ОД),Поступление Клининг (ОД),"575 041,20",5%,"27 382,91","547 658,29","575 041,20",,,,,,,,"575 041,20",20.02.2026,19.03.2026,19.03.2026,3,,,3,2026,27,,,,,,,09.01.1900,,Санкт-Петербург,Не оплачено,"0,00",bez_ryb_NK:99
ЖК Курортный,ООО Самолет УК,,,Реализация услуг Клининг (ОД),Поступление Клининг (ОД),"405 467,25",5%,"19 307,96","386 159,28","405 467,25",,,,,,,,"405 467,25",20.02.2026,19.03.2026,19.03.2026,3,,,3,2026,27,,,,,,,09.01.1900,,Санкт-Петербург,Не оплачено,"0,00",bez_ryb_NK:100
ЖК Курортный,ООО Самолет УК,,,Реализация услуг Клининг (ОД),Поступление Клининг (ОД),"822 304,85",5%,"39 157,37","783 147,48","822 304,85",,,,,,,,"822 304,85",20.02.2026,19.03.2026,19.03.2026,3,,,3,2026,27,,,,,,,09.01.1900,,Санкт-Петербург,Не оплачено,"0,00",bez_ryb_NK:101
ЖК Курортный,ООО Самолет УК,,,Реализация услуг Клининг (ДУ),Поступление Клининг (ДУ),"932 969,73",5%,"44 427,13","888 542,60","932 969,73",,,,,,,,"932 969,73",20.02.2026,19.03.2026,19.03.2026,3,,,3,2026,27,,,,,,,09.01.1900,,Санкт-Петербург,Не оплачено,"0,00",bez_ryb_NK:102
ЖК Исеть Парк,ООО ПИК-Комфорт Профи,,,Реализация услуг Клининг (ОД),Поступление Клининг (ОД),"903 397,19",5%,"43 018,91","860 378,28","903 397,19",,,,,,,,"903 397,19",01.03.2026,31.03.2026,31.03.2026,3,,,3,2026,30,,,,,,,,,Екатеринбург,Не оплачено,"0,00",bez_ryb_NK:103
ЖК Утес,ООО ПИК-Комфорт Профи,,,Реализация услуг Клининг (ОД),Поступление Клининг (ОД),"262 988,48",5%,"12 523,26","250 465,22","262 988,48",,,,,,,,"262 988,48",01.03.2026,31.03.2026,31.03.2026,3,,,3,2026,30,,,,,,,,,Екатеринбург,Не оплачено,"0,00",bez_ryb_NK:104
ЖК Нокса Парк,ООО ПИК-Комфорт Профи,,,Реализация услуг Клининг (ОД),Поступление Клининг (ОД),"595 852,98",5%,"28 373,95","567 479,03","595 852,98",,,,,,,,"595 852,98",01.03.2026,31.03.2026,31.03.2026,3,,,3,2026,30,,,,,,,,,Екатеринбург,Не оплачено,"0,00",bez_ryb_NK:105
ЖК Рыбацкое,ООО Самолет УК,,,Реализация услуг Клининг (ОД),Поступление Клининг (ОД),"1 560 971,98",5%,"74 332,00","1 486 639,98","1 560 971,98",,,,,,,,"1 560 971,98",20.03.2026,19.04.2026,19.04.2026,4,,,4,2026,30,,,,,,,09.01.1900,,Санкт-Петербург,Не оплачено,"0,00",bez_ryb_NK:106
ЖК Рыбацкое,ООО Самолет УК,,,Реализация услуг Клининг (ОД),Поступление Клининг (ОД),"1 077 308,12",5%,"51 300,39","1 026 007,73","1 077 308,12",,,,,,,,"1 077 308,12",20.03.2026,19.04.2026,19.04.2026,4,,,4,2026,30,19.04.2026,22.04.2026,,,упд 100,отказ,09.01.1900,,Санкт-Петербург,Не оплачено,"0,00",merge:bez_ryb_NK:107+Uchet:3
ЖК Рыбацкое,ООО Самолет УК,,,Реализация услуг Клининг (ОД),Поступление Клининг (ОД),"950 000,00",5%,"45 238,10","904 761,90","950 000,00",,,,,,,,"950 000,00",20.03.2026,19.04.2026,19.04.2026,4,,,4,2026,30,,,,,,,09.01.1900,,Санкт-Петербург,Не оплачено,"0,00",bez_ryb_NK:108
ЖК Новое К,ООО Самолет УК,,,Реализация услуг Клининг (ОД),Поступление Клининг (ОД),"677 663,74",5%,"32 269,70","645 394,04","677 663,74",,,,,,,,"677 663,74",20.03.2026,19.04.2026,19.04.2026,4,03.06.2026,6,4,2026,30,19.04.2026,22.04.2026,,,упд 94,подписан,,,Санкт-Петербург,Не оплачено,"0,00",merge:bez_ryb_NK:109+Uchet:5
ЖК Новое К,ООО Самолет УК,,,Реализация услуг Клининг (ОД),Поступление Клининг (ОД),"713 043,88",5%,"33 954,47","679 089,41","713 043,88",,,,,,,,"713 043,88",20.03.2026,19.04.2026,19.04.2026,4,03.06.2026,6,4,2026,30,19.04.2026,22.04.2026,,,упд 95,подписан,09.01.1900,,Санкт-Петербург,Не оплачено,"0,00",merge:bez_ryb_NK:110+Uchet:6
ЖК Новое К,ООО Самолет УК,,,Реализация услуг Клининг (ОД),Поступление Клининг (ОД),"459 100,14",5%,"21 861,91","437 238,23","459 100,14",,,,,,,,"459 100,14",20.03.2026,19.04.2026,19.04.2026,4,03.06.2026,6,4,2026,30,19.04.2026,22.04.2026,,,упд 93,подписан,09.01.1900,,Санкт-Петербург,Не оплачено,"0,00",merge:bez_ryb_NK:111+Uchet:7
ЖК Новое К,ООО Самолет - Сервис СПБ,,,Реализация услуг Клининг (ОД),Поступление Клининг (ОД),"335 188,08",5%,"15 961,34","319 226,74","335 188,08",,,,,,,,"335 188,08",20.03.2026,19.04.2026,19.04.2026,4,03.06.2026,6,4,2026,30,19.04.2026,22.04.2026,,,упд 92,подписан,09.01.1900,,Санкт-Петербург,Не оплачено,"0,00",merge:bez_ryb_NK:112+Uchet:8
ЖК Новое К,ООО Самолет - Сервис СПБ,,,Реализация услуг Клининг (ОД),Поступление Клининг (ОД),"287 048,06",5%,"13 668,96","273 379,10","287 048,06",,,,,,,,"287 048,06",20.03.2026,19.04.2026,19.04.2026,4,03.06.2026,6,4,2026,30,19.04.2026,22.04.2026,,,упд 91,подписан,09.01.1900,,Санкт-Петербург,Не оплачено,"0,00",merge:bez_ryb_NK:113+Uchet:9
ЖК Астрид,ООО Самолет УК,,,Реализация услуг Клининг (ОД),Поступление Клининг (ОД),"425 589,99",5%,"20 266,19","405 323,80","425 589,99",,,,,,,,"425 589,99",20.03.2026,19.04.2026,19.04.2026,4,,,4,2026,30,,,,,,,,,Санкт-Петербург,Не оплачено,"0,00",bez_ryb_NK:114
ЖК Астрид,ООО Самолет УК,,,Реализация услуг Клининг (ОД),Поступление Клининг (ОД),"228 370,58",5%,"10 874,79","217 495,79","228 370,58",,,,,,,,"228 370,58",20.03.2026,19.04.2026,19.04.2026,4,,,4,2026,30,,,,,,,,,Санкт-Петербург,Не оплачено,"0,00",bez_ryb_NK:115
ЖК Курортный,ООО Самолет УК,,,Реализация услуг Клининг (ОД),Поступление Клининг (ОД),"575 041,20",5%,"27 382,91","547 658,29","575 041,20",,,,,,,,"575 041,20",20.03.2026,19.04.2026,19.04.2026,4,,,4,2026,30,,,,,,,09.01.1900,,Санкт-Петербург,Не оплачено,"0,00",bez_ryb_NK:116
ЖК Курортный,ООО Самолет УК,,,Реализация услуг Клининг (ОД),Поступление Клининг (ОД),"287 784,93",5%,"13 704,04","274 080,88","287 784,93",,,,,,,,"287 784,93",20.03.2026,19.04.2026,19.04.2026,4,,,4,2026,30,,,,,,,09.01.1900,,Санкт-Петербург,Не оплачено,"0,00",bez_ryb_NK:117
ЖК Курортный,ООО Самолет УК,,,Реализация услуг Клининг (ОД),Поступление Клининг (ОД),"461 430,77",5%,"21 972,89","439 457,88","461 430,77",,,,,,,,"461 430,77",20.03.2026,19.04.2026,19.04.2026,4,,,4,2026,30,,,,,,,,,Санкт-Петербург,Не оплачено,"0,00",bez_ryb_NK:118
ЖК Курортный,ООО Самолет УК,,,Реализация услуг Клининг (ДУ),Поступление Клининг (ДУ),"932 969,73",5%,"44 427,13","888 542,60","932 969,73",,,,,,,,"932 969,73",20.03.2026,19.04.2026,19.04.2026,4,,,4,2026,30,,,,,,,,,Санкт-Петербург,Не оплачено,"0,00",bez_ryb_NK:119
ЖК Космонавтов 11,ООО ПИК-Комфорт Профи,,,Реализация услуг Клининг (ОД),Поступление Клининг (ОД),"1 486 782,15",5%,"70 799,15","1 415 983,00","1 486 782,15",,,,,,,,"1 486 782,15",01.04.2026,30.04.2026,30.04.2026,4,,,4,2026,29,,,,,,,,,Екатеринбург,Не оплачено,"0,00",bez_ryb_NK:120
ЖК Космонавтов 11,ООО ПИК-Комфорт Профи,,,Реализация услуг Клининг (ОД),Поступление Клининг (ОД),"1 791 676,56",5%,"85 317,93","1 706 358,63","1 791 676,56",,,,,,,,"1 791 676,56",01.03.2026,31.03.2026,31.03.2026,3,,,3,2026,30,,,,,,,,,Екатеринбург,Не оплачено,"0,00",bez_ryb_NK:121
ЖК Космонавтов 11,ООО ПИК-Комфорт Профи,,,Реализация услуг Клининг (ОД),Поступление Клининг (ОД),"322 032,72",5%,"15 334,89","306 697,83","322 032,72",,,,,,,,"322 032,72",01.03.2026,31.03.2026,31.03.2026,3,,,3,2026,30,,,,,,,,,Екатеринбург,Не оплачено,"0,00",bez_ryb_NK:122
ЖК Исеть Парк,ООО ПИК-Комфорт Профи,,,Реализация услуг Клининг (ОД),Поступление Клининг (ОД),"749 636,11",5%,"35 696,96","713 939,15","749 636,11",,,,,,,,"749 636,11",01.04.2026,30.04.2026,30.04.2026,4,,,4,2026,29,,,,,,,,,Екатеринбург,Не оплачено,"0,00",bez_ryb_NK:123
ЖК Утес,ООО ПИК-Комфорт Профи,,,Реализация услуг Клининг (ОД),Поступление Клининг (ОД),"218 229,04",5%,"10 391,86","207 837,18","218 229,04",,,,,,,,"218 229,04",01.04.2026,30.04.2026,30.04.2026,4,14.06.2026,6,4,2026,29,,04.05.2026,,,упд 102,подписан,,,Екатеринбург,Не оплачено,"0,00",merge:bez_ryb_NK:124+Uchet:14
ЖК Нокса Парк,ООО ПИК-Комфорт Профи,,,Реализация услуг Клининг (ОД),Поступление Клининг (ОД),"529 581,35",5%,"25 218,16","504 363,19","529 581,35",,,,,,,,"529 581,35",01.04.2026,30.04.2026,30.04.2026,4,,,4,2026,29,,,,,,,,,Екатеринбург,Не оплачено,"0,00",bez_ryb_NK:125
ЖК Рыбацкое,ООО Самолет УК,,,Реализация услуг Клининг (ОД),Поступление Клининг (ОД),"1 560 971,98",5%,"74 332,00","1 486 639,98","1 560 971,98",,,,,,,,"1 560 971,98",20.04.2026,19.05.2026,19.05.2026,5,,,5,2026,29,,,,,,,09.01.1900,,Санкт-Петербург,Не оплачено,"0,00",bez_ryb_NK:126
ЖК Рыбацкое,ООО Самолет УК,,,Реализация услуг Клининг (ОД),Поступление Клининг (ОД),"1 077 308,12",5%,"51 300,39","1 026 007,73","1 077 308,12",,,,,,,,"1 077 308,12",20.04.2026,19.05.2026,19.05.2026,5,,,5,2026,29,,,,,,,,,Санкт-Петербург,Не оплачено,"0,00",bez_ryb_NK:127
ЖК Рыбацкое,ООО Самолет УК,,,Реализация услуг Клининг (ОД),Поступление Клининг (ОД),"950 000,00",5%,"45 238,10","904 761,90","950 000,00",,,,,,,,"950 000,00",20.04.2026,19.05.2026,19.05.2026,5,,,5,2026,29,,,,,,,,,Санкт-Петербург,Не оплачено,"0,00",bez_ryb_NK:128
ЖК Новое К,ООО Самолет УК,,,Реализация услуг Клининг (ОД),Поступление Клининг (ОД),"677 663,74",5%,"32 269,70","645 394,04","677 663,74",,,,,,,,"677 663,74",20.04.2026,19.05.2026,19.05.2026,5,18.06.2026,6,5,2026,29,19.05.2026,25.05.2026,,,упд 113,подписан,,,Санкт-Петербург,Не оплачено,"0,00",merge:bez_ryb_NK:129+Uchet:18
ЖК Новое К,ООО Самолет УК,,,Реализация услуг Клининг (ОД),Поступление Клининг (ОД),"713 043,88",5%,"33 954,47","679 089,41","713 043,88",,,,,,,,"713 043,88",20.04.2026,19.05.2026,19.05.2026,5,18.06.2026,6,5,2026,29,19.05.2026,25.05.2026,,,упд 114,подписан,09.01.1900,,Санкт-Петербург,Не оплачено,"0,00",merge:bez_ryb_NK:130+Uchet:19
ЖК Новое К,ООО Самолет УК,,,Реализация услуг Клининг (ОД),Поступление Клининг (ОД),"459 100,14",5%,"21 861,91","437 238,23","459 100,14",,,,,,,,"459 100,14",20.04.2026,19.05.2026,19.05.2026,5,18.06.2026,6,5,2026,29,19.05.2026,25.05.2026,,,упд 112,подписан,09.01.1900,,Санкт-Петербург,Не оплачено,"0,00",merge:bez_ryb_NK:131+Uchet:20
ЖК Новое К,ООО Самолет - Сервис СПБ,,,Реализация услуг Клининг (ОД),Поступление Клининг (ОД),"335 188,08",5%,"15 961,34","319 226,74","335 188,08",,,,,,,,"335 188,08",20.04.2026,19.05.2026,19.05.2026,5,18.06.2026,6,5,2026,29,19.05.2026,25.05.2026,,,упд 111,на подписи,09.01.1900,,Санкт-Петербург,Не оплачено,"0,00",merge:bez_ryb_NK:132+Uchet:21
ЖК Новое К,ООО Самолет - Сервис СПБ,,,Реализация услуг Клининг (ОД),Поступление Клининг (ОД),"287 048,06",5%,"13 668,96","273 379,10","287 048,06",,,,,,,,"287 048,06",20.04.2026,19.05.2026,19.05.2026,5,18.06.2026,6,5,2026,29,19.05.2026,25.05.2026,,,упд 110,на подписи,09.01.1900,,Санкт-Петербург,Не оплачено,"0,00",merge:bez_ryb_NK:133+Uchet:22
ЖК Астрид,ООО Самолет УК,,,Реализация услуг Клининг (ОД),Поступление Клининг (ОД),"425 589,99",5%,"20 266,19","405 323,80","425 589,99",,,,,,,,"425 589,99",20.04.2026,19.05.2026,19.05.2026,5,18.06.2026,6,5,2026,29,19.05.2026,25.05.2026,,,упд 109,на подписи,,,Санкт-Петербург,Не оплачено,"0,00",merge:bez_ryb_NK:134+Uchet:23
ЖК Астрид,ООО Самолет УК,,,Реализация услуг Клининг (ОД),Поступление Клининг (ОД),"228 370,58",5%,"10 874,79","217 495,79","228 370,58",,,,,,,,"228 370,58",20.04.2026,19.05.2026,19.05.2026,5,18.06.2026,6,5,2026,29,19.05.2026,25.05.2026,,,упд 108,на подписи,,,Санкт-Петербург,Не оплачено,"0,00",merge:bez_ryb_NK:135+Uchet:24
ЖК Курортный,ООО Самолет УК,,,Реализация услуг Клининг (ОД),Поступление Клининг (ОД),"575 041,20",5%,"27 382,91","547 658,29","575 041,20",,,,,,,,"575 041,20",20.04.2026,19.05.2026,19.05.2026,5,,,5,2026,29,,,,,,,,,Санкт-Петербург,Не оплачено,"0,00",bez_ryb_NK:136
ЖК Курортный,ООО Самолет УК,,,Реализация услуг Клининг (ОД),Поступление Клининг (ОД),"287 784,93",5%,"13 704,04","274 080,88","287 784,93",,,,,,,,"287 784,93",20.04.2026,19.05.2026,19.05.2026,5,,,5,2026,29,,,,,,,,,Санкт-Петербург,Не оплачено,"0,00",bez_ryb_NK:137
ЖК Курортный,ООО Самолет УК,,,Реализация услуг Клининг (ОД),Поступление Клининг (ОД),"461 430,77",5%,"21 972,89","439 457,88","461 430,77",,,,,,,,"461 430,77",20.04.2026,19.05.2026,19.05.2026,5,18.06.2026,6,5,2026,29,19.05.2026,03.06.2026,,,упд 115,на подписи,,,Санкт-Петербург,Не оплачено,"0,00",merge:bez_ryb_NK:138+Uchet:27
ЖК Курортный,ООО Самолет УК,,,Реализация услуг Клининг (ДУ),Поступление Клининг (ДУ),"932 969,73",5%,"44 427,13","888 542,60","932 969,73",,,,,,,,"932 969,73",20.04.2026,19.05.2026,19.05.2026,5,,,5,2026,29,,,,,,,,,Санкт-Петербург,Не оплачено,"0,00",bez_ryb_NK:139
ЖК Космонавтов 11,ООО ПИК-Комфорт Профи,,,Реализация услуг Клининг (ОД),Поступление Клининг (ОД),"1 486 782,15",5%,"70 799,15","1 415 983,00","1 486 782,15",,,,,,,,"1 486 782,15",01.05.2026,31.05.2026,31.05.2026,5,,,5,2026,30,,,,,,,,,Екатеринбург,Не оплачено,"0,00",bez_ryb_NK:140
ЖК Космонавтов 11,ООО ПИК-Комфорт Профи,,,Реализация услуг Клининг (ОД),Поступление Клининг (ОД),"267 264,32",5%,"12 726,87","254 537,45","267 264,32",,,,,,,,"267 264,32",01.05.2026,31.05.2026,31.05.2026,5,,,5,2026,30,,,,,,,,,Екатеринбург,Не оплачено,"0,00",bez_ryb_NK:141
ЖК Исеть Парк,ООО ПИК-Комфорт Профи,,,Реализация услуг Клининг (ОД),Поступление Клининг (ОД),"749 636,11",5%,"35 696,96","713 939,15","749 636,11",,,,,,,,"749 636,11",01.05.2026,31.05.2026,31.05.2026,5,,,5,2026,30,,,,,,,,,Екатеринбург,Не оплачено,"0,00",bez_ryb_NK:142
ЖК Утес,ООО ПИК-Комфорт Профи,,,Реализация услуг Клининг (ОД),Поступление Клининг (ОД),"218 229,04",5%,"10 391,86","207 837,18","218 229,04",,,,,,,,"218 229,04",01.05.2026,31.05.2026,31.05.2026,5,15.07.2026,7,5,2026,30,02.06.2026,03.06.2026,,,упд 120,на подписи,,,Екатеринбург,Не оплачено,"0,00",merge:bez_ryb_NK:143+Uchet:35
ЖК Нокса Парк,ООО ПИК-Комфорт Профи,,,Реализация услуг Клининг (ОД),Поступление Клининг (ОД),"529 581,35",5%,"25 218,16","504 363,19","529 581,35",,,,,,,,"529 581,35",01.05.2026,31.05.2026,31.05.2026,5,,,5,2026,30,,,,,,,,,Екатеринбург,Не оплачено,"0,00",bez_ryb_NK:144
ЖК Рыбацкое,ООО Самолет УК,,,Реализация услуг Клининг (ОД),Поступление Клининг (ОД),"1 560 971,98",5%,"74 332,00","1 486 639,98","1 560 971,98",,,,,,,,"1 560 971,98",20.05.2026,19.06.2026,19.06.2026,6,,,6,2026,30,,,,,,,,,Санкт-Петербург,Не оплачено,"0,00",bez_ryb_NK:145
ЖК Рыбацкое,ООО Самолет УК,,,Реализация услуг Клининг (ОД),Поступление Клининг (ОД),"1 077 308,12",5%,"51 300,39","1 026 007,73","1 077 308,12",,,,,,,,"1 077 308,12",20.05.2026,19.06.2026,19.06.2026,6,,,6,2026,30,,,,,,,,,Санкт-Петербург,Не оплачено,"0,00",bez_ryb_NK:146
ЖК Рыбацкое,ООО Самолет УК,,,Реализация услуг Клининг (ОД),Поступление Клининг (ОД),"950 000,00",5%,"45 238,10","904 761,90","950 000,00",,,,,,,,"950 000,00",20.05.2026,19.06.2026,19.06.2026,6,,,6,2026,30,,,,,,,,,Санкт-Петербург,Не оплачено,"0,00",bez_ryb_NK:147
ЖК Новое К,ООО Самолет УК,,,Реализация услуг Клининг (ОД),Поступление Клининг (ОД),"677 663,74",5%,"32 269,70","645 394,04","677 663,74",,,,,,,,"677 663,74",20.05.2026,19.06.2026,19.06.2026,6,19.07.2026,7,6,2026,30,,,,,,,,,Санкт-Петербург,Не оплачено,"0,00",merge:bez_ryb_NK:148+Uchet:42
ЖК Новое К,ООО Самолет УК,,,Реализация услуг Клининг (ОД),Поступление Клининг (ОД),"713 043,88",5%,"33 954,47","679 089,41","713 043,88",,,,,,,,"713 043,88",20.05.2026,19.06.2026,19.06.2026,6,19.07.2026,7,6,2026,30,,,,,,,09.01.1900,,Санкт-Петербург,Не оплачено,"0,00",merge:bez_ryb_NK:149+Uchet:43
ЖК Новое К,ООО Самолет УК,,,Реализация услуг Клининг (ОД),Поступление Клининг (ОД),"459 100,14",5%,"21 861,91","437 238,23","459 100,14",,,,,,,,"459 100,14",20.05.2026,19.06.2026,19.06.2026,6,19.07.2026,7,6,2026,30,,,,,,,09.01.1900,,Санкт-Петербург,Не оплачено,"0,00",merge:bez_ryb_NK:150+Uchet:44
ЖК Новое К,ООО Самолет - Сервис СПБ,,,Реализация услуг Клининг (ОД),Поступление Клининг (ОД),"335 188,08",5%,"15 961,34","319 226,74","335 188,08",,,,,,,,"335 188,08",20.05.2026,19.06.2026,19.06.2026,6,19.07.2026,7,6,2026,30,,,,,,,09.01.1900,,Санкт-Петербург,Не оплачено,"0,00",merge:bez_ryb_NK:151+Uchet:45
ЖК Новое К,ООО Самолет - Сервис СПБ,,,Реализация услуг Клининг (ОД),Поступление Клининг (ОД),"287 048,06",5%,"13 668,96","273 379,10","287 048,06",,,,,,,,"287 048,06",20.05.2026,19.06.2026,19.06.2026,6,19.07.2026,7,6,2026,30,,,,,,,09.01.1900,,Санкт-Петербург,Не оплачено,"0,00",merge:bez_ryb_NK:152+Uchet:46
ЖК Астрид,ООО Самолет УК,,,Реализация услуг Клининг (ОД),Поступление Клининг (ОД),"425 589,99",5%,"20 266,19","405 323,80","425 589,99",,,,,,,,"425 589,99",20.05.2026,19.06.2026,19.06.2026,6,19.07.2026,7,6,2026,30,,,,,,,,,Санкт-Петербург,Не оплачено,"0,00",merge:bez_ryb_NK:153+Uchet:47
ЖК Астрид,ООО Самолет УК,,,Реализация услуг Клининг (ОД),Поступление Клининг (ОД),"228 370,58",5%,"10 874,79","217 495,79","228 370,58",,,,,,,,"228 370,58",20.05.2026,19.06.2026,19.06.2026,6,19.07.2026,7,6,2026,30,,,,,,,,,Санкт-Петербург,Не оплачено,"0,00",merge:bez_ryb_NK:154+Uchet:48
ЖК Курортный,ООО Самолет УК,,,Реализация услуг Клининг (ОД),Поступление Клининг (ОД),"575 041,20",5%,"27 382,91","547 658,29","575 041,20",,,,,,,,"575 041,20",20.05.2026,19.06.2026,19.06.2026,6,,,6,2026,30,,,,,,,,,Санкт-Петербург,Не оплачено,"0,00",bez_ryb_NK:155
ЖК Курортный,ООО Самолет УК,,,Реализация услуг Клининг (ОД),Поступление Клининг (ОД),"287 784,93",5%,"13 704,04","274 080,88","287 784,93",,,,,,,,"287 784,93",20.05.2026,19.06.2026,19.06.2026,6,,,6,2026,30,,,,,,,,,Санкт-Петербург,Не оплачено,"0,00",bez_ryb_NK:156
ЖК Курортный,ООО Самолет УК,,,Реализация услуг Клининг (ОД),Поступление Клининг (ОД),"461 430,77",5%,"21 972,89","439 457,88","461 430,77",,,,,,,,"461 430,77",20.05.2026,19.06.2026,19.06.2026,6,19.07.2026,7,6,2026,30,,,,,,,,,Санкт-Петербург,Не оплачено,"0,00",merge:bez_ryb_NK:157+Uchet:67
ЖК Курортный,ООО Самолет УК,,,Реализация услуг Клининг (ДУ),Поступление Клининг (ДУ),"932 969,73",5%,"44 427,13","888 542,60","932 969,73",,,,,,,,"932 969,73",20.05.2026,19.06.2026,19.06.2026,6,,,6,2026,30,,,,,,,,,Санкт-Петербург,Не оплачено,"0,00",bez_ryb_NK:158
ЖК Космонавтов 11,ООО ПИК-Комфорт Профи,,,Реализация услуг Клининг (ОД),Поступление Клининг (ОД),"1 486 782,15",5%,"70 799,15","1 415 983,00","1 486 782,15",,,,,,,,"1 486 782,15",01.06.2026,30.06.2026,30.06.2026,6,,,6,2026,29,,,,,,,,,Екатеринбург,Не оплачено,"0,00",bez_ryb_NK:159
ЖК Космонавтов 11,ООО ПИК-Комфорт Профи,,,Реализация услуг Клининг (ОД),Поступление Клининг (ОД),"267 265,32",5%,"12 726,92","254 538,40","267 265,32",,,,,,,,"267 265,32",01.06.2026,30.06.2026,30.06.2026,6,,,6,2026,29,,,,,,,,,Екатеринбург,Не оплачено,"0,00",bez_ryb_NK:160
ЖК Исеть Парк,ООО ПИК-Комфорт Профи,,,Реализация услуг Клининг (ОД),Поступление Клининг (ОД),"749 636,11",5%,"35 696,96","713 939,15","749 636,11",,,,,,,,"749 636,11",01.06.2026,30.06.2026,30.06.2026,6,,,6,2026,29,,,,,,,,,Екатеринбург,Не оплачено,"0,00",bez_ryb_NK:161
ЖК Утес,ООО ПИК-Комфорт Профи,,,Реализация услуг Клининг (ОД),Поступление Клининг (ОД),"218 229,04",5%,"10 391,86","207 837,18","218 229,04",,,,,,,,"218 229,04",01.06.2026,30.06.2026,30.06.2026,6,14.08.2026,8,6,2026,29,,,,,,,,,Екатеринбург,Не оплачено,"0,00",merge:bez_ryb_NK:162+Uchet:52
ЖК Нокса Парк,ООО ПИК-Комфорт Профи,,,Реализация услуг Клининг (ОД),Поступление Клининг (ОД),"529 581,35",5%,"25 218,16","504 363,19","529 581,35",,,,,,,,"529 581,35",01.06.2026,30.06.2026,30.06.2026,6,,,6,2026,29,,,,,,,,,Екатеринбург,Не оплачено,"0,00",bez_ryb_NK:163
ЖК Рыбацкое,ООО Самолет УК,,,Реализация услуг Клининг (ОД),Поступление Клининг (ОД),"1 560 971,98",5%,"74 332,00","1 486 639,98","1 560 971,98",,,,,,,,"1 560 971,98",20.06.2026,19.07.2026,19.07.2026,7,,,7,2026,29,,,,,,,,,Санкт-Петербург,Не оплачено,"0,00",bez_ryb_NK:164
ЖК Рыбацкое,ООО Самолет УК,,,Реализация услуг Клининг (ОД),Поступление Клининг (ОД),"1 077 308,12",5%,"51 300,39","1 026 007,73","1 077 308,12",,,,,,,,"1 077 308,12",20.06.2026,19.07.2026,19.07.2026,7,,,7,2026,29,,,,,,,,,Санкт-Петербург,Не оплачено,"0,00",bez_ryb_NK:165
ЖК Рыбацкое,ООО Самолет УК,,,Реализация услуг Клининг (ОД),Поступление Клининг (ОД),"950 000,00",5%,"45 238,10","904 761,90","950 000,00",,,,,,,,"950 000,00",20.06.2026,19.07.2026,19.07.2026,7,,,7,2026,29,,,,,,,,,Санкт-Петербург,Не оплачено,"0,00",bez_ryb_NK:166
ЖК Новое К,ООО Самолет УК,,,Реализация услуг Клининг (ОД),Поступление Клининг (ОД),"677 663,74",5%,"32 269,70","645 394,04","677 663,74",,,,,,,,"677 663,74",20.06.2026,19.07.2026,19.07.2026,7,18.08.2026,8,7,2026,29,,,,,,,,,Санкт-Петербург,Не оплачено,"0,00",merge:bez_ryb_NK:167+Uchet:59
ЖК Новое К,ООО Самолет УК,,,Реализация услуг Клининг (ОД),Поступление Клининг (ОД),"713 043,88",5%,"33 954,47","679 089,41","713 043,88",,,,,,,,"713 043,88",20.06.2026,19.07.2026,19.07.2026,7,18.08.2026,8,7,2026,29,,,,,,,,,Санкт-Петербург,Не оплачено,"0,00",merge:bez_ryb_NK:168+Uchet:60
ЖК Новое К,ООО Самолет УК,,,Реализация услуг Клининг (ОД),Поступление Клининг (ОД),"459 100,14",5%,"21 861,91","437 238,23","459 100,14",,,,,,,,"459 100,14",20.06.2026,19.07.2026,19.07.2026,7,18.08.2026,8,7,2026,29,,,,,,,,,Санкт-Петербург,Не оплачено,"0,00",merge:bez_ryb_NK:169+Uchet:61
ЖК Новое К,ООО Самолет - Сервис СПБ,,,Реализация услуг Клининг (ОД),Поступление Клининг (ОД),"335 188,08",5%,"15 961,34","319 226,74","335 188,08",,,,,,,,"335 188,08",20.06.2026,19.07.2026,19.07.2026,7,18.08.2026,8,7,2026,29,,,,,,,,,Санкт-Петербург,Не оплачено,"0,00",merge:bez_ryb_NK:170+Uchet:62
ЖК Новое К,ООО Самолет - Сервис СПБ,,,Реализация услуг Клининг (ОД),Поступление Клининг (ОД),"287 048,06",5%,"13 668,96","273 379,10","287 048,06",,,,,,,,"287 048,06",20.06.2026,19.07.2026,19.07.2026,7,18.08.2026,8,7,2026,29,,,,,,,,,Санкт-Петербург,Не оплачено,"0,00",merge:bez_ryb_NK:171+Uchet:63
ЖК Астрид,ООО Самолет УК,,,Реализация услуг Клининг (ОД),Поступление Клининг (ОД),"425 589,99",5%,"20 266,19","405 323,80","425 589,99",,,,,,,,"425 589,99",20.06.2026,19.07.2026,19.07.2026,7,18.08.2026,8,7,2026,29,,,,,,,,,Санкт-Петербург,Не оплачено,"0,00",merge:bez_ryb_NK:172+Uchet:64
ЖК Астрид,ООО Самолет УК,,,Реализация услуг Клининг (ОД),Поступление Клининг (ОД),"228 370,58",5%,"10 874,79","217 495,79","228 370,58",,,,,,,,"228 370,58",20.06.2026,19.07.2026,19.07.2026,7,18.08.2026,8,7,2026,29,,,,,,,,,Санкт-Петербург,Не оплачено,"0,00",merge:bez_ryb_NK:173+Uchet:65
ЖК Курортный,ООО Самолет УК,,,Реализация услуг Клининг (ОД),Поступление Клининг (ОД),"575 041,20",5%,"27 382,91","547 658,29","575 041,20",,,,,,,,"575 041,20",20.06.2026,19.07.2026,19.07.2026,7,,,7,2026,29,,,,,,,,,Санкт-Петербург,Не оплачено,"0,00",bez_ryb_NK:174
ЖК Курортный,ООО Самолет УК,,,Реализация услуг Клининг (ОД),Поступление Клининг (ОД),"287 784,93",5%,"13 704,04","274 080,88","287 784,93",,,,,,,,"287 784,93",20.06.2026,19.07.2026,19.07.2026,7,,,7,2026,29,,,,,,,,,Санкт-Петербург,Не оплачено,"0,00",bez_ryb_NK:175
ЖК Курортный,ООО Самолет УК,,,Реализация услуг Клининг (ОД),Поступление Клининг (ОД),"461 430,77",5%,"21 972,89","439 457,88","461 430,77",,,,,,,,"461 430,77",20.06.2026,19.07.2026,19.07.2026,7,18.08.2026,8,7,2026,29,,,,,,,,,Санкт-Петербург,Не оплачено,"0,00",merge:bez_ryb_NK:176+Uchet:88
ЖК Курортный,ООО Самолет УК,,,Реализация услуг Клининг (ДУ),Поступление Клининг (ДУ),"932 969,73",5%,"44 427,13","888 542,60","932 969,73",,,,,,,,"932 969,73",20.06.2026,19.07.2026,19.07.2026,7,,,7,2026,29,,,,,,,,,Санкт-Петербург,Не оплачено,"0,00",bez_ryb_NK:177
ЖК Космонавтов 11,ООО ПИК-Комфорт Профи,,,Реализация услуг Клининг (ОД),Поступление Клининг (ОД),"1 486 782,15",5%,"70 799,15","1 415 983,00","1 486 782,15",,,,,,,,"1 486 782,15",01.07.2026,31.07.2026,31.07.2026,7,,,7,2026,30,,,,,,,,,Екатеринбург,Не оплачено,"0,00",bez_ryb_NK:178
ЖК Космонавтов 11,ООО ПИК-Комфорт Профи,,,Реализация услуг Клининг (ОД),Поступление Клининг (ОД),"267 266,32",5%,"12 726,97","254 539,35","267 266,32",,,,,,,,"267 266,32",01.07.2026,31.07.2026,31.07.2026,7,,,7,2026,30,,,,,,,,,Екатеринбург,Не оплачено,"0,00",bez_ryb_NK:179
ЖК Исеть Парк,ООО ПИК-Комфорт Профи,,,Реализация услуг Клининг (ОД),Поступление Клининг (ОД),"749 636,11",5%,"35 696,96","713 939,15","749 636,11",,,,,,,,"749 636,11",01.07.2026,31.07.2026,31.07.2026,7,,,7,2026,30,,,,,,,,,Екатеринбург,Не оплачено,"0,00",bez_ryb_NK:180
ЖК Утес,ООО ПИК-Комфорт Профи,,,Реализация услуг Клининг (ОД),Поступление Клининг (ОД),"218 229,04",5%,"10 391,86","207 837,18","218 229,04",,,,,,,,"218 229,04",01.07.2026,31.07.2026,31.07.2026,7,14.09.2026,9,7,2026,30,,,,,,,,,Екатеринбург,Не оплачено,"0,00",merge:bez_ryb_NK:181+Uchet:72
ЖК Нокса Парк,ООО ПИК-Комфорт Профи,,,Реализация услуг Клининг (ОД),Поступление Клининг (ОД),"529 581,35",5%,"25 218,16","504 363,19","529 581,35",,,,,,,,"529 581,35",01.07.2026,31.07.2026,31.07.2026,7,,,7,2026,30,,,,,,,,,Екатеринбург,Не оплачено,"0,00",bez_ryb_NK:182
ЖК Рыбацкое,ООО Самолет УК,,,Реализация услуг Клининг (ОД),Поступление Клининг (ОД),"1 560 971,98",5%,"74 332,00","1 486 639,98","1 560 971,98",,,,,,,,"1 560 971,98",20.07.2026,19.08.2026,19.08.2026,8,,,8,2026,30,,,,,,,,,Санкт-Петербург,Не оплачено,"0,00",bez_ryb_NK:183
ЖК Рыбацкое,ООО Самолет УК,,,Реализация услуг Клининг (ОД),Поступление Клининг (ОД),"1 077 308,12",5%,"51 300,39","1 026 007,73","1 077 308,12",,,,,,,,"1 077 308,12",20.07.2026,19.08.2026,19.08.2026,8,,,8,2026,30,,,,,,,,,Санкт-Петербург,Не оплачено,"0,00",bez_ryb_NK:184
ЖК Рыбацкое,ООО Самолет УК,,,Реализация услуг Клининг (ОД),Поступление Клининг (ОД),"950 000,00",5%,"45 238,10","904 761,90","950 000,00",,,,,,,,"950 000,00",20.07.2026,19.08.2026,19.08.2026,8,,,8,2026,30,,,,,,,,,Санкт-Петербург,Не оплачено,"0,00",bez_ryb_NK:185
ЖК Новое К,ООО Самолет УК,,,Реализация услуг Клининг (ОД),Поступление Клининг (ОД),"677 663,74",5%,"32 269,70","645 394,04","677 663,74",,,,,,,,"677 663,74",20.07.2026,19.08.2026,19.08.2026,8,18.09.2026,9,8,2026,30,,,,,,,,,Санкт-Петербург,Не оплачено,"0,00",merge:bez_ryb_NK:186+Uchet:79
ЖК Новое К,ООО Самолет УК,,,Реализация услуг Клининг (ОД),Поступление Клининг (ОД),"713 043,88",5%,"33 954,47","679 089,41","713 043,88",,,,,,,,"713 043,88",20.07.2026,19.08.2026,19.08.2026,8,18.09.2026,9,8,2026,30,,,,,,,,,Санкт-Петербург,Не оплачено,"0,00",merge:bez_ryb_NK:187+Uchet:80
ЖК Новое К,ООО Самолет УК,,,Реализация услуг Клининг (ОД),Поступление Клининг (ОД),"459 100,14",5%,"21 861,91","437 238,23","459 100,14",,,,,,,,"459 100,14",20.07.2026,19.08.2026,19.08.2026,8,18.09.2026,9,8,2026,30,,,,,,,,,Санкт-Петербург,Не оплачено,"0,00",merge:bez_ryb_NK:188+Uchet:81
ЖК Новое К,ООО Самолет - Сервис СПБ,,,Реализация услуг Клининг (ОД),Поступление Клининг (ОД),"335 188,08",5%,"15 961,34","319 226,74","335 188,08",,,,,,,,"335 188,08",20.07.2026,19.08.2026,19.08.2026,8,18.09.2026,9,8,2026,30,,,,,,,,,Санкт-Петербург,Не оплачено,"0,00",merge:bez_ryb_NK:189+Uchet:82
ЖК Новое К,ООО Самолет - Сервис СПБ,,,Реализация услуг Клининг (ОД),Поступление Клининг (ОД),"287 048,06",5%,"13 668,96","273 379,10","287 048,06",,,,,,,,"287 048,06",20.07.2026,19.08.2026,19.08.2026,8,18.09.2026,9,8,2026,30,,,,,,,,,Санкт-Петербург,Не оплачено,"0,00",merge:bez_ryb_NK:190+Uchet:83
ЖК Астрид,ООО Самолет УК,,,Реализация услуг Клининг (ОД),Поступление Клининг (ОД),"425 589,99",5%,"20 266,19","405 323,80","425 589,99",,,,,,,,"425 589,99",20.07.2026,19.08.2026,19.08.2026,8,18.09.2026,9,8,2026,30,,,,,,,,,Санкт-Петербург,Не оплачено,"0,00",merge:bez_ryb_NK:191+Uchet:84
ЖК Астрид,ООО Самолет УК,,,Реализация услуг Клининг (ОД),Поступление Клининг (ОД),"228 370,58",5%,"10 874,79","217 495,79","228 370,58",,,,,,,,"228 370,58",20.07.2026,19.08.2026,19.08.2026,8,18.09.2026,9,8,2026,30,,,,,,,,,Санкт-Петербург,Не оплачено,"0,00",merge:bez_ryb_NK:192+Uchet:85
ЖК Курортный,ООО Самолет УК,,,Реализация услуг Клининг (ОД),Поступление Клининг (ОД),"575 041,20",5%,"27 382,91","547 658,29","575 041,20",,,,,,,,"575 041,20",20.07.2026,19.08.2026,19.08.2026,8,,,8,2026,30,,,,,,,,,Санкт-Петербург,Не оплачено,"0,00",bez_ryb_NK:193
ЖК Курортный,ООО Самолет УК,,,Реализация услуг Клининг (ОД),Поступление Клининг (ОД),"287 784,93",5%,"13 704,04","274 080,88","287 784,93",,,,,,,,"287 784,93",20.07.2026,19.08.2026,19.08.2026,8,,,8,2026,30,,,,,,,,,Санкт-Петербург,Не оплачено,"0,00",bez_ryb_NK:194
ЖК Курортный,ООО Самолет УК,,,Реализация услуг Клининг (ОД),Поступление Клининг (ОД),"461 430,77",5%,"21 972,89","439 457,88","461 430,77",,,,,,,,"461 430,77",20.07.2026,19.08.2026,19.08.2026,8,18.09.2026,9,8,2026,30,,,,,,,,,Санкт-Петербург,Не оплачено,"0,00",merge:bez_ryb_NK:195+Uchet:109
ЖК Курортный,ООО Самолет УК,,,Реализация услуг Клининг (ДУ),Поступление Клининг (ДУ),"932 969,73",5%,"44 427,13","888 542,60","932 969,73",,,,,,,,"932 969,73",20.07.2026,19.08.2026,19.08.2026,8,,,8,2026,30,,,,,,,,,Санкт-Петербург,Не оплачено,"0,00",bez_ryb_NK:196
ЖК Космонавтов 11,ООО ПИК-Комфорт Профи,,,Реализация услуг Клининг (ОД),Поступление Клининг (ОД),"1 486 782,15",5%,"70 799,15","1 415 983,00","1 486 782,15",,,,,,,,"1 486 782,15",01.08.2026,31.08.2026,31.08.2026,8,,,8,2026,30,,,,,,,,,Екатеринбург,Не оплачено,"0,00",bez_ryb_NK:197
ЖК Космонавтов 11,ООО ПИК-Комфорт Профи,,,Реализация услуг Клининг (ОД),Поступление Клининг (ОД),"267 267,32",5%,"12 727,02","254 540,30","267 267,32",,,,,,,,"267 267,32",01.08.2026,30.08.2026,30.08.2026,8,,,8,2026,29,,,,,,,,,Екатеринбург,Не оплачено,"0,00",bez_ryb_NK:198
ЖК Исеть Парк,ООО ПИК-Комфорт Профи,,,Реализация услуг Клининг (ОД),Поступление Клининг (ОД),"749 636,11",5%,"35 696,96","713 939,15","749 636,11",,,,,,,,"749 636,11",01.08.2026,31.08.2026,31.08.2026,8,,,8,2026,30,,,,,,,,,Екатеринбург,Не оплачено,"0,00",bez_ryb_NK:199
ЖК Утес,ООО ПИК-Комфорт Профи,,,Реализация услуг Клининг (ОД),Поступление Клининг (ОД),"218 229,04",5%,"10 391,86","207 837,18","218 229,04",,,,,,,,"218 229,04",01.08.2026,31.08.2026,31.08.2026,8,15.10.2026,10,8,2026,30,,,,,,,,,Екатеринбург,Не оплачено,"0,00",merge:bez_ryb_NK:200+Uchet:92
ЖК Нокса Парк,ООО ПИК-Комфорт Профи,,,Реализация услуг Клининг (ОД),Поступление Клининг (ОД),"529 581,35",5%,"25 218,16","504 363,19","529 581,35",,,,,,,,"529 581,35",01.08.2026,31.08.2026,31.08.2026,8,,,8,2026,30,,,,,,,,,Екатеринбург,Не оплачено,"0,00",bez_ryb_NK:201
ЖК Рыбацкое,ООО Самолет УК,,,Реализация услуг Клининг (ОД),Поступление Клининг (ОД),"1 560 971,98",5%,"74 332,00","1 486 639,98","1 560 971,98",,,,,,,,"1 560 971,98",20.08.2026,19.09.2026,19.09.2026,9,,,9,2026,30,,,,,,,,,Санкт-Петербург,Не оплачено,"0,00",bez_ryb_NK:202
ЖК Рыбацкое,ООО Самолет УК,,,Реализация услуг Клининг (ОД),Поступление Клининг (ОД),"1 077 308,12",5%,"51 300,39","1 026 007,73","1 077 308,12",,,,,,,,"1 077 308,12",20.08.2026,19.09.2026,19.09.2026,9,,,9,2026,30,,,,,,,,,Санкт-Петербург,Не оплачено,"0,00",bez_ryb_NK:203
ЖК Рыбацкое,ООО Самолет УК,,,Реализация услуг Клининг (ОД),Поступление Клининг (ОД),"950 000,00",5%,"45 238,10","904 761,90","950 000,00",,,,,,,,"950 000,00",20.08.2026,19.09.2026,19.09.2026,9,,,9,2026,30,,,,,,,,,Санкт-Петербург,Не оплачено,"0,00",bez_ryb_NK:204
ЖК Новое К,ООО Самолет УК,,,Реализация услуг Клининг (ОД),Поступление Клининг (ОД),"677 663,74",5%,"32 269,70","645 394,04","677 663,74",,,,,,,,"677 663,74",20.08.2026,19.09.2026,19.09.2026,9,19.10.2026,10,9,2026,30,,,,,,,,,Санкт-Петербург,Не оплачено,"0,00",merge:bez_ryb_NK:205+Uchet:99
ЖК Новое К,ООО Самолет УК,,,Реализация услуг Клининг (ОД),Поступление Клининг (ОД),"713 043,88",5%,"33 954,47","679 089,41","713 043,88",,,,,,,,"713 043,88",20.08.2026,19.09.2026,19.09.2026,9,19.10.2026,10,9,2026,30,,,,,,,,,Санкт-Петербург,Не оплачено,"0,00",merge:bez_ryb_NK:206+Uchet:100
ЖК Новое К,ООО Самолет УК,,,Реализация услуг Клининг (ОД),Поступление Клининг (ОД),"459 100,14",5%,"21 861,91","437 238,23","459 100,14",,,,,,,,"459 100,14",20.08.2026,19.09.2026,19.09.2026,9,19.10.2026,10,9,2026,30,,,,,,,,,Санкт-Петербург,Не оплачено,"0,00",merge:bez_ryb_NK:207+Uchet:101
ЖК Новое К,ООО Самолет - Сервис СПБ,,,Реализация услуг Клининг (ОД),Поступление Клининг (ОД),"335 188,08",5%,"15 961,34","319 226,74","335 188,08",,,,,,,,"335 188,08",20.08.2026,19.09.2026,19.09.2026,9,19.10.2026,10,9,2026,30,,,,,,,,,Санкт-Петербург,Не оплачено,"0,00",merge:bez_ryb_NK:208+Uchet:102
ЖК Новое К,ООО Самолет - Сервис СПБ,,,Реализация услуг Клининг (ОД),Поступление Клининг (ОД),"287 048,06",5%,"13 668,96","273 379,10","287 048,06",,,,,,,,"287 048,06",20.08.2026,19.09.2026,19.09.2026,9,19.10.2026,10,9,2026,30,,,,,,,,,Санкт-Петербург,Не оплачено,"0,00",merge:bez_ryb_NK:209+Uchet:103
ЖК Астрид,ООО Самолет УК,,,Реализация услуг Клининг (ОД),Поступление Клининг (ОД),"425 589,99",5%,"20 266,19","405 323,80","425 589,99",,,,,,,,"425 589,99",20.08.2026,19.09.2026,19.09.2026,9,19.10.2026,10,9,2026,30,,,,,,,,,Санкт-Петербург,Не оплачено,"0,00",merge:bez_ryb_NK:210+Uchet:104
ЖК Астрид,ООО Самолет УК,,,Реализация услуг Клининг (ОД),Поступление Клининг (ОД),"228 370,58",5%,"10 874,79","217 495,79","228 370,58",,,,,,,,"228 370,58",20.08.2026,19.09.2026,19.09.2026,9,19.10.2026,10,9,2026,30,,,,,,,,,Санкт-Петербург,Не оплачено,"0,00",merge:bez_ryb_NK:211+Uchet:105
ЖК Курортный,ООО Самолет УК,,,Реализация услуг Клининг (ОД),Поступление Клининг (ОД),"575 041,20",5%,"27 382,91","547 658,29","575 041,20",,,,,,,,"575 041,20",20.08.2026,19.09.2026,19.09.2026,9,,,9,2026,30,,,,,,,,,Санкт-Петербург,Не оплачено,"0,00",bez_ryb_NK:212
ЖК Курортный,ООО Самолет УК,,,Реализация услуг Клининг (ОД),Поступление Клининг (ОД),"287 784,93",5%,"13 704,04","274 080,88","287 784,93",,,,,,,,"287 784,93",20.08.2026,19.09.2026,19.09.2026,9,,,9,2026,30,,,,,,,,,Санкт-Петербург,Не оплачено,"0,00",bez_ryb_NK:213
ЖК Курортный,ООО Самолет УК,,,Реализация услуг Клининг (ОД),Поступление Клининг (ОД),"461 430,77",5%,"21 972,89","439 457,88","461 430,77",,,,,,,,"461 430,77",20.08.2026,19.09.2026,19.09.2026,9,19.10.2026,10,9,2026,30,,,,,,,,,Санкт-Петербург,Не оплачено,"0,00",merge:bez_ryb_NK:214+Uchet:146
ЖК Курортный,ООО Самолет УК,,,Реализация услуг Клининг (ДУ),Поступление Клининг (ДУ),,5%,"0,00","0,00","0,00",,,,,,,,"0,00",20.08.2026,19.09.2026,19.09.2026,9,,,9,2026,30,,,,,,,,,Санкт-Петербург,Оплачено,"0,00",bez_ryb_NK:215
ЖК Космонавтов 11,ООО ПИК-Комфорт Профи,,,Реализация услуг Клининг (ОД),Поступление Клининг (ОД),"1 486 782,15",5%,"70 799,15","1 415 983,00","1 486 782,15",,,,,,,,"1 486 782,15",01.09.2026,30.09.2026,30.09.2026,9,,,9,2026,29,,,,,,,,,Екатеринбург,Не оплачено,"0,00",bez_ryb_NK:216
ЖК Космонавтов 11,ООО ПИК-Комфорт Профи,,,Реализация услуг Клининг (ОД),Поступление Клининг (ОД),"267 268,32",5%,"12 727,06","254 541,26","267 268,32",,,,,,,,"267 268,32",01.09.2026,30.09.2026,30.09.2026,9,,,9,2026,29,,,,,,,,,Екатеринбург,Не оплачено,"0,00",bez_ryb_NK:217
ЖК Исеть Парк,ООО ПИК-Комфорт Профи,,,Реализация услуг Клининг (ОД),Поступление Клининг (ОД),"749 636,11",5%,"35 696,96","713 939,15","749 636,11",,,,,,,,"749 636,11",01.09.2026,30.09.2026,30.09.2026,9,,,9,2026,29,,,,,,,,,Екатеринбург,Не оплачено,"0,00",bez_ryb_NK:218
ЖК Утес,ООО ПИК-Комфорт Профи,,,Реализация услуг Клининг (ОД),Поступление Клининг (ОД),"218 229,04",5%,"10 391,86","207 837,18","218 229,04",,,,,,,,"218 229,04",01.09.2026,30.09.2026,30.09.2026,9,14.11.2026,11,9,2026,29,,,,,,,,,Екатеринбург,Не оплачено,"0,00",merge:bez_ryb_NK:219+Uchet:112
ЖК Нокса Парк,ООО ПИК-Комфорт Профи,,,Реализация услуг Клининг (ОД),Поступление Клининг (ОД),"529 581,35",5%,"25 218,16","504 363,19","529 581,35",,,,,,,,"529 581,35",01.09.2026,30.09.2026,30.09.2026,9,,,9,2026,29,,,,,,,,,Екатеринбург,Не оплачено,"0,00",bez_ryb_NK:220
ЖК Рыбацкое,ООО Самолет УК,,,Реализация услуг Клининг (ОД),Поступление Клининг (ОД),"1 560 971,98",5%,"74 332,00","1 486 639,98","1 560 971,98",,,,,,,,"1 560 971,98",20.09.2026,19.10.2026,19.10.2026,10,,,10,2026,29,,,,,,,,,Санкт-Петербург,Не оплачено,"0,00",bez_ryb_NK:221
ЖК Рыбацкое,ООО Самолет УК,,,Реализация услуг Клининг (ОД),Поступление Клининг (ОД),"1 077 308,12",5%,"51 300,39","1 026 007,73","1 077 308,12",,,,,,,,"1 077 308,12",20.09.2026,19.10.2026,19.10.2026,10,,,10,2026,29,,,,,,,,,Санкт-Петербург,Не оплачено,"0,00",bez_ryb_NK:222
ЖК Рыбацкое,ООО Самолет УК,,,Реализация услуг Клининг (ОД),Поступление Клининг (ОД),"950 000,00",5%,"45 238,10","904 761,90","950 000,00",,,,,,,,"950 000,00",20.09.2026,19.10.2026,19.10.2026,10,,,10,2026,29,,,,,,,,,Санкт-Петербург,Не оплачено,"0,00",bez_ryb_NK:223
ЖК Новое К,ООО Самолет УК,,,Реализация услуг Клининг (ОД),Поступление Клининг (ОД),"677 663,74",5%,"32 269,70","645 394,04","677 663,74",,,,,,,,"677 663,74",20.09.2026,19.10.2026,19.10.2026,10,18.11.2026,11,10,2026,29,,,,,,,,,Санкт-Петербург,Не оплачено,"0,00",merge:bez_ryb_NK:224+Uchet:119
ЖК Новое К,ООО Самолет УК,,,Реализация услуг Клининг (ОД),Поступление Клининг (ОД),"713 043,88",5%,"33 954,47","679 089,41","713 043,88",,,,,,,,"713 043,88",20.09.2026,19.10.2026,19.10.2026,10,18.11.2026,11,10,2026,29,,,,,,,,,Санкт-Петербург,Не оплачено,"0,00",merge:bez_ryb_NK:225+Uchet:120
ЖК Новое К,ООО Самолет УК,,,Реализация услуг Клининг (ОД),Поступление Клининг (ОД),"459 100,14",5%,"21 861,91","437 238,23","459 100,14",,,,,,,,"459 100,14",20.09.2026,19.10.2026,19.10.2026,10,18.11.2026,11,10,2026,29,,,,,,,,,Санкт-Петербург,Не оплачено,"0,00",merge:bez_ryb_NK:226+Uchet:121
ЖК Новое К,ООО Самолет - Сервис СПБ,,,Реализация услуг Клининг (ОД),Поступление Клининг (ОД),"335 188,08",5%,"15 961,34","319 226,74","335 188,08",,,,,,,,"335 188,08",20.09.2026,19.10.2026,19.10.2026,10,18.11.2026,11,10,2026,29,,,,,,,,,Санкт-Петербург,Не оплачено,"0,00",merge:bez_ryb_NK:227+Uchet:122
ЖК Новое К,ООО Самолет - Сервис СПБ,,,Реализация услуг Клининг (ОД),Поступление Клининг (ОД),"287 048,06",5%,"13 668,96","273 379,10","287 048,06",,,,,,,,"287 048,06",20.09.2026,19.10.2026,19.10.2026,10,18.11.2026,11,10,2026,29,,,,,,,,,Санкт-Петербург,Не оплачено,"0,00",merge:bez_ryb_NK:228+Uchet:123
ЖК Астрид,ООО Самолет УК,,,Реализация услуг Клининг (ОД),Поступление Клининг (ОД),"425 589,99",5%,"20 266,19","405 323,80","425 589,99",,,,,,,,"425 589,99",20.09.2026,19.10.2026,19.10.2026,10,18.11.2026,11,10,2026,29,,,,,,,,,Санкт-Петербург,Не оплачено,"0,00",merge:bez_ryb_NK:229+Uchet:124
ЖК Астрид,ООО Самолет УК,,,Реализация услуг Клининг (ОД),Поступление Клининг (ОД),"228 370,58",5%,"10 874,79","217 495,79","228 370,58",,,,,,,,"228 370,58",20.09.2026,19.10.2026,19.10.2026,10,18.11.2026,11,10,2026,29,,,,,,,,,Санкт-Петербург,Не оплачено,"0,00",merge:bez_ryb_NK:230+Uchet:125
ЖК Курортный,ООО Самолет УК,,,Реализация услуг Клининг (ОД),Поступление Клининг (ОД),"575 041,20",5%,"27 382,91","547 658,29","575 041,20",,,,,,,,"575 041,20",20.09.2026,19.10.2026,19.10.2026,10,,,10,2026,29,,,,,,,,,Санкт-Петербург,Не оплачено,"0,00",bez_ryb_NK:231
ЖК Курортный,ООО Самолет УК,,,Реализация услуг Клининг (ОД),Поступление Клининг (ОД),"287 784,93",5%,"13 704,04","274 080,88","287 784,93",,,,,,,,"287 784,93",20.09.2026,19.10.2026,19.10.2026,10,,,10,2026,29,,,,,,,,,Санкт-Петербург,Не оплачено,"0,00",bez_ryb_NK:232
ЖК Курортный,ООО Самолет УК,,,Реализация услуг Клининг (ОД),Поступление Клининг (ОД),"461 430,77",5%,"21 972,89","439 457,88","461 430,77",,,,,,,,"461 430,77",20.09.2026,19.10.2026,19.10.2026,10,,,10,2026,29,,,,,,,,,Санкт-Петербург,Не оплачено,"0,00",bez_ryb_NK:233
ЖК Космонавтов 11,ООО ПИК-Комфорт Профи,,,Реализация услуг Клининг (ОД),Поступление Клининг (ОД),"1 486 782,15",5%,"70 799,15","1 415 983,00","1 486 782,15",,,,,,,,"1 486 782,15",01.10.2026,31.10.2026,31.10.2026,10,,,10,2026,30,,,,,,,,,Екатеринбург,Не оплачено,"0,00",bez_ryb_NK:234
ЖК Космонавтов 11,ООО ПИК-Комфорт Профи,,,Реализация услуг Клининг (ОД),Поступление Клининг (ОД),"267 269,32",5%,"12 727,11","254 542,21","267 269,32",,,,,,,,"267 269,32",01.10.2026,31.10.2026,31.10.2026,10,,,10,2026,30,,,,,,,,,Екатеринбург,Не оплачено,"0,00",bez_ryb_NK:235
ЖК Исеть Парк,ООО ПИК-Комфорт Профи,,,Реализация услуг Клининг (ОД),Поступление Клининг (ОД),"749 636,11",5%,"35 696,96","713 939,15","749 636,11",,,,,,,,"749 636,11",01.10.2026,31.10.2026,31.10.2026,10,,,10,2026,30,,,,,,,,,Екатеринбург,Не оплачено,"0,00",bez_ryb_NK:236
ЖК Утес,ООО ПИК-Комфорт Профи,,,Реализация услуг Клининг (ОД),Поступление Клининг (ОД),"218 229,04",5%,"10 391,86","207 837,18","218 229,04",,,,,,,,"218 229,04",01.10.2026,31.10.2026,31.10.2026,10,15.12.2026,12,10,2026,30,,,,,,,,,Екатеринбург,Не оплачено,"0,00",merge:bez_ryb_NK:237+Uchet:131
ЖК Нокса Парк,ООО ПИК-Комфорт Профи,,,Реализация услуг Клининг (ОД),Поступление Клининг (ОД),"529 581,35",5%,"25 218,16","504 363,19","529 581,35",,,,,,,,"529 581,35",01.10.2026,31.10.2026,31.10.2026,10,,,10,2026,30,,,,,,,,,Екатеринбург,Не оплачено,"0,00",bez_ryb_NK:238
ЖК Рыбацкое,ООО Самолет УК,,,Реализация услуг Клининг (ОД),Поступление Клининг (ОД),"1 560 971,98",5%,"74 332,00","1 486 639,98","1 560 971,98",,,,,,,,"1 560 971,98",20.10.2026,19.11.2026,19.11.2026,11,,,11,2026,30,,,,,,,,,Санкт-Петербург,Не оплачено,"0,00",bez_ryb_NK:239
ЖК Рыбацкое,ООО Самолет УК,,,Реализация услуг Клининг (ОД),Поступление Клининг (ОД),"1 412 096,11",5%,"67 242,67","1 344 853,44","1 412 096,11",,,,,,,,"1 412 096,11",20.10.2026,19.11.2026,19.11.2026,11,,,11,2026,30,,,,,,,,,Санкт-Петербург,Не оплачено,"0,00",bez_ryb_NK:240
ЖК Рыбацкое,ООО Самолет УК,,,Реализация услуг Клининг (ОД),Поступление Клининг (ОД),"1 176 625,45",5%,"56 029,78","1 120 595,67","1 176 625,45",,,,,,,,"1 176 625,45",20.10.2026,19.11.2026,19.11.2026,11,,,11,2026,30,,,,,,,,,Санкт-Петербург,Не оплачено,"0,00",bez_ryb_NK:241
ЖК Новое К,ООО Самолет УК,,,Реализация услуг Клининг (ОД),Поступление Клининг (ОД),"677 663,74",5%,"32 269,70","645 394,04","677 663,74",,,,,,,,"677 663,74",20.10.2026,19.11.2026,19.11.2026,11,19.12.2026,12,11,2026,30,,,,,,,,,Санкт-Петербург,Не оплачено,"0,00",merge:bez_ryb_NK:242+Uchet:138
ЖК Новое К,ООО Самолет УК,,,Реализация услуг Клининг (ОД),Поступление Клининг (ОД),"857 075,74",5%,"40 813,13","816 262,61","857 075,74",,,,,,,,"857 075,74",20.10.2026,19.11.2026,19.11.2026,11,19.12.2026,12,11,2026,30,,,,,,,,,Санкт-Петербург,Не оплачено,"0,00",merge:bez_ryb_NK:243+Uchet:139
ЖК Новое К,ООО Самолет УК,,,Реализация услуг Клининг (ОД),Поступление Клининг (ОД),"582 952,74",5%,"27 759,65","555 193,09","582 952,74",,,,,,,,"582 952,74",20.10.2026,19.11.2026,19.11.2026,11,19.12.2026,12,11,2026,30,,,,,,,,,Санкт-Петербург,Не оплачено,"0,00",merge:bez_ryb_NK:244+Uchet:140
ЖК Новое К,ООО Самолет - Сервис СПБ,,,Реализация услуг Клининг (ОД),Поступление Клининг (ОД),"335 188,08",5%,"15 961,34","319 226,74","335 188,08",,,,,,,,"335 188,08",20.10.2026,19.11.2026,19.11.2026,11,19.12.2026,12,11,2026,30,,,,,,,,,Санкт-Петербург,Не оплачено,"0,00",merge:bez_ryb_NK:245+Uchet:141
ЖК Новое К,ООО Самолет - Сервис СПБ,,,Реализация услуг Клининг (ОД),Поступление Клининг (ОД),"346 086,21",5%,"16 480,30","329 605,91","346 086,21",,,,,,,,"346 086,21",20.10.2026,19.11.2026,19.11.2026,11,19.12.2026,12,11,2026,30,,,,,,,,,Санкт-Петербург,Не оплачено,"0,00",merge:bez_ryb_NK:246+Uchet:142
ЖК Астрид,ООО Самолет УК,,,Реализация услуг Клининг (ОД),Поступление Клининг (ОД),"425 589,99",5%,"20 266,19","405 323,80","425 589,99",,,,,,,,"425 589,99",20.10.2026,19.11.2026,19.11.2026,11,19.12.2026,12,11,2026,30,,,,,,,,,Санкт-Петербург,Не оплачено,"0,00",merge:bez_ryb_NK:247+Uchet:143
ЖК Астрид,ООО Самолет УК,,,Реализация услуг Клининг (ОД),Поступление Клининг (ОД),"386 661,24",5%,"18 412,44","368 248,80","386 661,24",,,,,,,,"386 661,24",20.10.2026,19.11.2026,19.11.2026,11,19.12.2026,12,11,2026,30,,,,,,,,,Санкт-Петербург,Не оплачено,"0,00",merge:bez_ryb_NK:248+Uchet:144
ЖК Курортный,ООО Самолет УК,,,Реализация услуг Клининг (ДУ),Поступление Клининг (ДУ),,5%,"0,00","0,00","0,00",,,,,,,,"0,00",20.09.2026,19.10.2026,19.10.2026,10,,,10,2026,29,,,,,,,,,Санкт-Петербург,Оплачено,"0,00",bez_ryb_NK:249
ЖК Курортный,ООО Самолет УК,,,Реализация услуг Клининг (ОД),Поступление Клининг (ОД),"575 041,20",5%,"27 382,91","547 658,29","575 041,20",,,,,,,,"575 041,20",20.10.2026,19.11.2026,19.11.2026,11,,,,2026,30,,,,,,,,,Санкт-Петербург,Не оплачено,"0,00",bez_ryb_NK:250
ЖК Курортный,ООО Самолет УК,,,Реализация услуг Клининг (ОД),Поступление Клининг (ОД),"405 467,25",5%,"19 307,96","386 159,28","405 467,25",,,,,,,,"405 467,25",20.10.2026,19.11.2026,19.11.2026,11,,,,2026,30,,,,,,,,,Санкт-Петербург,Не оплачено,"0,00",bez_ryb_NK:251
ЖК Курортный,ООО Самолет УК,,,Реализация услуг Клининг (ОД),Поступление Клининг (ОД),"822 304,85",5%,"39 157,37","783 147,48","822 304,85",,,,,,,,"822 304,85",20.10.2026,19.11.2026,19.11.2026,11,20.12.2026,12,,2026,30,,,,,,,,,Санкт-Петербург,Не оплачено,"0,00",merge:bez_ryb_NK:252+Uchet:176
ЖК Курортный,ООО Самолет УК,,,Реализация услуг Клининг (ДУ),Поступление Клининг (ДУ),,5%,"0,00","0,00","0,00",,,,,,,,"0,00",21.10.2026,20.11.2026,20.11.2026,11,,,11,2026,30,,,,,,,,,Санкт-Петербург,Оплачено,"0,00",bez_ryb_NK:253
ЖК Космонавтов 11,ООО ПИК-Комфорт Профи,,,Реализация услуг Клининг (ОД),Поступление Клининг (ОД),"1 791 676,56",5%,"85 317,93","1 706 358,63","1 791 676,56",,,,,,,,"1 791 676,56",01.11.2026,30.11.2026,30.11.2026,11,,,,2026,29,,,,,,,,,Екатеринбург,Не оплачено,"0,00",bez_ryb_NK:254
ЖК Космонавтов 11,ООО ПИК-Комфорт Профи,,,Реализация услуг Клининг (ОД),Поступление Клининг (ОД),"322 032,72",5%,"15 334,89","306 697,83","322 032,72",,,,,,,,"322 032,72",01.11.2026,30.11.2026,30.11.2026,11,,,11,2026,29,,,,,,,,,Екатеринбург,Не оплачено,"0,00",bez_ryb_NK:255
ЖК Исеть Парк,ООО ПИК-Комфорт Профи,,,Реализация услуг Клининг (ОД),Поступление Клининг (ОД),"903 397,19",5%,"43 018,91","860 378,28","903 397,19",,,,,,,,"903 397,19",01.11.2026,30.11.2026,30.11.2026,11,14.01.2027,1,11,2026,29,,,,,,,,,Екатеринбург,Не оплачено,"0,00",merge:bez_ryb_NK:256+Uchet:151
ЖК Утес,ООО ПИК-Комфорт Профи,,,Реализация услуг Клининг (ОД),Поступление Клининг (ОД),"262 988,48",5%,"12 523,26","250 465,22","262 988,48",,,,,,,,"262 988,48",01.11.2026,30.11.2026,30.11.2026,11,14.01.2027,1,11,2026,29,,,,,,,,,Екатеринбург,Не оплачено,"0,00",merge:bez_ryb_NK:257+Uchet:152
ЖК Нокса Парк,ООО ПИК-Комфорт Профи,,,Реализация услуг Клининг (ОД),Поступление Клининг (ОД),"595 852,98",5%,"28 373,95","567 479,03","595 852,98",,,,,,,,"595 852,98",01.11.2026,30.11.2026,30.11.2026,11,,,11,2026,29,,,,,,,,,Екатеринбург,Не оплачено,"0,00",bez_ryb_NK:258
ЖК Рыбацкое,ООО Самолет УК,,,Реализация услуг Клининг (ОД),Поступление Клининг (ОД),"1 560 971,98",5%,"74 332,00","1 486 639,98","1 560 971,98",,,,,,,,"1 560 971,98",20.11.2026,19.12.2026,19.12.2026,12,,,12,2026,29,,,,,,,,,Санкт-Петербург,Не оплачено,"0,00",bez_ryb_NK:259
ЖК Рыбацкое,ООО Самолет УК,,,Реализация услуг Клининг (ОД),Поступление Клининг (ОД),"1 412 096,11",5%,"67 242,67","1 344 853,44","1 412 096,11",,,,,,,,"1 412 096,11",20.11.2026,19.12.2026,19.12.2026,12,,,12,2026,29,,,,,,,,,Санкт-Петербург,Не оплачено,"0,00",bez_ryb_NK:260
ЖК Рыбацкое,ООО Самолет УК,,,Реализация услуг Клининг (ОД),Поступление Клининг (ОД),"1 176 625,45",5%,"56 029,78","1 120 595,67","1 176 625,45",,,,,,,,"1 176 625,45",20.11.2026,19.12.2026,19.12.2026,12,,,12,2026,29,,,,,,,,,Санкт-Петербург,Не оплачено,"0,00",bez_ryb_NK:261
ЖК Новое К,ООО Самолет УК,,,Реализация услуг Клининг (ОД),Поступление Клининг (ОД),"677 663,74",5%,"32 269,70","645 394,04","677 663,74",,,,,,,,"677 663,74",20.11.2026,19.12.2026,19.12.2026,12,18.01.2027,1,12,2026,29,,,,,,,,,Санкт-Петербург,Не оплачено,"0,00",merge:bez_ryb_NK:262+Uchet:159
ЖК Новое К,ООО Самолет УК,,,Реализация услуг Клининг (ОД),Поступление Клининг (ОД),"857 075,74",5%,"40 813,13","816 262,61","857 075,74",,,,,,,,"857 075,74",20.11.2026,19.12.2026,19.12.2026,12,18.01.2027,1,12,2026,29,,,,,,,,,Санкт-Петербург,Не оплачено,"0,00",merge:bez_ryb_NK:263+Uchet:160
ЖК Новое К,ООО Самолет УК,,,Реализация услуг Клининг (ОД),Поступление Клининг (ОД),"582 952,74",5%,"27 759,65","555 193,09","582 952,74",,,,,,,,"582 952,74",20.11.2026,19.12.2026,19.12.2026,12,18.01.2027,1,12,2026,29,,,,,,,,,Санкт-Петербург,Не оплачено,"0,00",merge:bez_ryb_NK:264+Uchet:161
ЖК Новое К,ООО Самолет - Сервис СПБ,,,Реализация услуг Клининг (ОД),Поступление Клининг (ОД),"335 188,08",5%,"15 961,34","319 226,74","335 188,08",,,,,,,,"335 188,08",20.11.2026,19.12.2026,19.12.2026,12,18.01.2027,1,12,2026,29,,,,,,,,,Санкт-Петербург,Не оплачено,"0,00",merge:bez_ryb_NK:265+Uchet:162
ЖК Новое К,ООО Самолет - Сервис СПБ,,,Реализация услуг Клининг (ОД),Поступление Клининг (ОД),"346 086,21",5%,"16 480,30","329 605,91","346 086,21",,,,,,,,"346 086,21",20.11.2026,19.12.2026,19.12.2026,12,18.01.2027,1,12,2026,29,,,,,,,,,Санкт-Петербург,Не оплачено,"0,00",merge:bez_ryb_NK:266+Uchet:163
ЖК Астрид,ООО Самолет УК,,,Реализация услуг Клининг (ОД),Поступление Клининг (ОД),"425 589,99",5%,"20 266,19","405 323,80","425 589,99",,,,,,,,"425 589,99",20.11.2026,19.12.2026,19.12.2026,12,18.01.2027,1,12,2026,29,,,,,,,,,Санкт-Петербург,Не оплачено,"0,00",merge:bez_ryb_NK:267+Uchet:164
ЖК Астрид,ООО Самолет УК,,,Реализация услуг Клининг (ОД),Поступление Клининг (ОД),"386 661,24",5%,"18 412,44","368 248,80","386 661,24",,,,,,,,"386 661,24",20.11.2026,19.12.2026,19.12.2026,12,18.01.2027,1,12,2026,29,,,,,,,,,Санкт-Петербург,Не оплачено,"0,00",merge:bez_ryb_NK:268+Uchet:165
ЖК Курортный,ООО Самолет УК,,,Реализация услуг Клининг (ОД),Поступление Клининг (ОД),"575 041,20",5%,"27 382,91","547 658,29","575 041,20",,,,,,,,"575 041,20",20.11.2026,19.12.2026,19.12.2026,12,,,,2026,29,,,,,,,,,Санкт-Петербург,Не оплачено,"0,00",bez_ryb_NK:269
ЖК Курортный,ООО Самолет УК,,,Реализация услуг Клининг (ОД),Поступление Клининг (ОД),"405 467,25",5%,"19 307,96","386 159,28","405 467,25",,,,,,,,"405 467,25",20.11.2026,19.12.2026,19.12.2026,12,,,,2026,29,,,,,,,,,Санкт-Петербург,Не оплачено,"0,00",bez_ryb_NK:270
ЖК Курортный,ООО Самолет УК,,,Реализация услуг Клининг (ОД),Поступление Клининг (ОД),"822 304,85",5%,"39 157,37","783 147,48","822 304,85",,,,,,,,"822 304,85",20.11.2026,19.12.2026,19.12.2026,12,19.01.2027,1,,2026,29,,,,,,,,,Санкт-Петербург,Не оплачено,"0,00",merge:bez_ryb_NK:271+Uchet:179
ЖК Космонавтов 11,ООО ПИК-Комфорт Профи,,,Реализация услуг Клининг (ОД),Поступление Клининг (ОД),"1 791 676,56",5%,"85 317,93","1 706 358,63","1 791 676,56",,,,,,,,"1 791 676,56",01.12.2026,31.12.2026,31.12.2026,12,,,,2026,30,,,,,,,,,Екатеринбург,Не оплачено,"0,00",bez_ryb_NK:272
ЖК Космонавтов 11,ООО ПИК-Комфорт Профи,,,Реализация услуг Клининг (ОД),Поступление Клининг (ОД),"322 032,72",5%,"15 334,89","306 697,83","322 032,72",,,,,,,,"322 032,72",01.12.2026,31.12.2026,31.12.2026,12,,,12,2026,30,,,,,,,,,Екатеринбург,Не оплачено,"0,00",bez_ryb_NK:273
ЖК Исеть Парк,ООО ПИК-Комфорт Профи,,,Реализация услуг Клининг (ОД),Поступление Клининг (ОД),"903 397,19",5%,"43 018,91","860 378,28","903 397,19",,,,,,,,"903 397,19",01.12.2026,31.12.2026,31.12.2026,12,14.02.2027,2,12,2026,30,,,,,,,,,Екатеринбург,Не оплачено,"0,00",merge:bez_ryb_NK:274+Uchet:169
ЖК Утес,ООО ПИК-Комфорт Профи,,,Реализация услуг Клининг (ОД),Поступление Клининг (ОД),"262 988,48",5%,"12 523,26","250 465,22","262 988,48",,,,,,,,"262 988,48",01.12.2026,31.12.2026,31.12.2026,12,14.02.2027,2,12,2026,30,,,,,,,,,Екатеринбург,Не оплачено,"0,00",merge:bez_ryb_NK:275+Uchet:170
ЖК Нокса Парк,ООО ПИК-Комфорт Профи,,,Реализация услуг Клининг (ОД),Поступление Клининг (ОД),"595 852,98",5%,"28 373,95","567 479,03","595 852,98",,,,,,,,"595 852,98",01.12.2026,31.12.2026,31.12.2026,12,,,12,2026,30,,,,,,,,,Екатеринбург,Не оплачено,"0,00",bez_ryb_NK:276
ЖК Рыбацкое,ООО Самолет УК,,,Реализация услуг Клининг (ОД),Поступление Клининг (ОД),"1 560 971,98",5%,"74 332,00","1 486 639,98","1 248 777,58",,,,,"312 194,40",,,"1 248 777,58",20.03.2026,19.04.2026,19.04.2026,4,,,4,2026,30,19.04.2026,22.04.2026,4,,упд 101,отказ,09.01.1900,,Санкт-Петербург,Не оплачено,"0,00",Uchet_sdelok:2
ЖК Рыбацкое,ООО Самолет УК,,,Реализация услуг Клининг (ОД),Поступление Клининг (ОД),"946 478,81",5%,"45 070,42","901 408,39","946 478,81",,,,,,,,"946 478,81",20.03.2026,19.04.2026,19.04.2026,4,16.06.2026,6,4,2026,30,19.04.2026,22.04.2026,4,12.05.2026,упд 99,подписан,22.05.2026,,Санкт-Петербург,Не оплачено,"0,00",Uchet_sdelok:4
ЖК Курортный,ООО Самолет УК,,,Реализация услуг Клининг (ОД),Поступление Клининг (ОД),"383 352,69",5%,"18 254,89","365 097,80","383 352,69",,,,,,,,"383 352,69",20.03.2026,19.04.2026,19.04.2026,4,03.06.2026,6,4,2026,30,19.04.2026,04.05.2026,5,,упд 104,отказ,09.01.1900,,Санкт-Петербург,Не оплачено,"0,00",Uchet_sdelok:10
ЖК Курортный,ООО Самолет УК,,,Реализация услуг Клининг (ОД),Поступление Клининг (ОД),"317 241,26",5%,"15 106,73","302 134,53","317 241,26",,,,,,,,"317 241,26",20.03.2026,19.04.2026,19.04.2026,4,03.06.2026,6,4,2026,30,19.04.2026,11.05.2026,5,,упд 105,подписан,,,Санкт-Петербург,Не оплачено,"0,00",Uchet_sdelok:11
ЖК Космонавтов 11,ООО ПИК-Комфорт Профи,,,Реализация услуг Клининг (ОД),Поступление Клининг (ОД),"1 732 090,24",5%,"82 480,49","1 649 609,75","1 732 090,24",,,,,,,,"1 732 090,24",01.04.2026,30.04.2026,30.04.2026,4,14.06.2026,6,4,2026,29,30.04.2026,04.05.2026,5,,упд 102,подписан,,,Екатеринбург,Не оплачено,"0,00",Uchet_sdelok:12
ЖК Исеть Парк,ООО ПИК-Комфорт Профи,,,Реализация услуг Клининг (ОД),Поступление Клининг (ОД),"749 636,00",5%,"35 696,95","713 939,05","749 636,00",,,,,,,,"749 636,00",01.04.2026,30.04.2026,30.04.2026,4,14.06.2026,6,4,2026,29,30.04.2026,04.05.2026,5,,упд 102,подписан,,,Екатеринбург,Не оплачено,"0,00",Uchet_sdelok:13
ЖК Рыбацкое,ООО Самолет УК,,,Реализация услуг Клининг (ОД),Поступление Клининг (ОД),"572 356,11",5%,"27 255,05","545 101,06","572 356,11",,,,,,,,"572 356,11",20.04.2026,01.05.2026,01.05.2026,5,,,5,2026,11,,, ,,110,отказ,09.01.1900,,Санкт-Петербург,Не оплачено,"0,00",Uchet_sdelok:15
ЖК Рыбацкое,ООО Самолет УК,,,Реализация услуг Клининг (ОД),Поступление Клининг (ОД),"395 012,88",5%,"18 810,14","376 202,74","395 012,88",,,,,,,,"395 012,88",20.04.2026,01.05.2026,01.05.2026,5,,,5,2026,11,,, ,,109,отказ,,,Санкт-Петербург,Не оплачено,"0,00",Uchet_sdelok:16
ЖК Рыбацкое,ООО Самолет УК,,,Реализация услуг Клининг (ОД),Поступление Клининг (ОД),"347 042,23",5%,"16 525,82","330 516,41","347 042,23",,,,,,,,"347 042,23",20.04.2026,01.05.2026,01.05.2026,5,18.06.2026,6,5,2026,11,30.04.2026,11.05.2026,5,18.05.2026,108,подписан,,,Санкт-Петербург,Не оплачено,"0,00",Uchet_sdelok:17
ЖК Курортный,ООО Самолет УК,,,Реализация услуг Клининг (ОД),Поступление Клининг (ОД),"351 013,43",5%,"16 714,93","334 298,50","351 013,43",,,,,,,,"351 013,43",20.04.2026,19.05.2026,19.05.2026,5,18.06.2026,6,5,2026,29,19.05.2026,03.06.2026,6,,упд 119,на подписи,,,Санкт-Петербург,Не оплачено,"0,00",Uchet_sdelok:25
ЖК Курортный,ООО Самолет УК,,,Реализация услуг Клининг (ОД),Поступление Клининг (ОД),"487 792,21",5%,"23 228,20","464 564,01","487 792,21",,,,,,,,"487 792,21",20.04.2026,19.05.2026,19.05.2026,5,18.06.2026,6,5,2026,29,19.05.2026,03.06.2026,6,,упд 116,на подписи,,,Санкт-Петербург,Не оплачено,"0,00",Uchet_sdelok:26
ЖК Курортный,ООО Самолет УК,,,Реализация услуг Клининг (ДУ),Поступление Клининг (ДУ),"594 044,50",5%,"28 287,83","565 756,67","594 044,50",,,,,,,,"594 044,50",20.04.2026,19.05.2026,19.05.2026,5,18.06.2026,6,5,2026,29,19.05.2026,03.06.2026,6,,упд 117,на подписи,,,Санкт-Петербург,Не оплачено,"0,00",Uchet_sdelok:28
ЖК Курортный,ООО Самолет УК,,,Реализация услуг Клининг (ДУ),Поступление Клининг (ДУ),"92 116,68",5%,"4 386,51","87 730,17","92 116,68",,,,,,,,"92 116,68",06.05.2026,19.05.2026,19.05.2026,5,18.06.2026,6,5,2026,13,19.05.2026,03.06.2026,6,,упд 118,на подписи,,,Санкт-Петербург,Не оплачено,"0,00",Uchet_sdelok:29
ЖК Таллинксий парк (СПБ),ООО ПИК-Комфорт Профи,,,Реализация услуг Клининг (ОД),Поступление Клининг (ОД),"853 047,00",5%,"40 621,29","812 425,71","853 047,00",,,,,,,,"853 047,00",15.04.2026,30.04.2026,30.04.2026,4,14.06.2026,6,4,2026,15,30.04.2026,04.05.2026,5,,упд 112,подписан,,,Санкт-Петербург,Не оплачено,"0,00",Uchet_sdelok:30
ЖК Милый дом,"ООО УК ""БАЗА""",,,Реализация услуг Клининг (ОД),Поступление Клининг (ОД),"87248,14",5%,"4 154,67","83 093,47","87 248,14",,,,,,,,"87 248,14",24.04.2026,30.04.2026,30.04.2026,4,14.06.2026,6,4,2026,6,30.04.2026,03.06.2026,6,,упд 128,на подписи,,,Екатеринбург,Не оплачено,"0,00",Uchet_sdelok:31
ЖК Нокса Парк,ООО ПИК-Комфорт Профи,,,Реализация услуг Клининг (ОД),Поступление Клининг (ОД),"529 606,78",5%,"25 219,37","504 387,41","529 606,78",,,,,,,,"529 606,78",01.04.2026,30.04.2026,30.04.2026,4,14.06.2026,6,4,2026,29,30.04.2026,12.05.2026,5,,упд 103,на подписи,,,Екатеринбург,Не оплачено,"0,00",Uchet_sdelok:32
ЖК Космонавтов 11,ООО ПИК-Комфорт Профи,,,Реализация услуг Клининг (ОД),Поступление Клининг (ОД),"1 732 090,24",5%,"82 480,49","1 649 609,75","1 732 090,24",,,,,,,,"1 732 090,24",01.05.2026,31.05.2026,31.05.2026,5,15.07.2026,7,5,2026,30,31.05.2026,03.06.2026,6,,упд 120,на подписи,,,Екатеринбург,Не оплачено,"0,00",Uchet_sdelok:33
ЖК Исеть Парк,ООО ПИК-Комфорт Профи,,,Реализация услуг Клининг (ОД),Поступление Клининг (ОД),"749 636,00",5%,"35 696,95","713 939,05","749 636,00",,,,,,,,"749 636,00",01.05.2026,31.05.2026,31.05.2026,5,15.07.2026,7,5,2026,30,01.06.2026,03.06.2026,6,,упд 120,на подписи,,,Екатеринбург,Не оплачено,"0,00",Uchet_sdelok:34
ЖК Нокса Парк,ООО ПИК-Комфорт Профи,,,Реализация услуг Клининг (ОД),Поступление Клининг (ОД),"529 606,70",5%,"25 219,37","504 387,33","529 606,70",,,,,,,,"529 606,70",01.05.2026,31.05.2026,31.05.2026,5,15.07.2026,7,5,2026,30,31.05.2026,03.06.2026,6,,упд 121,на подписи,,,Екатеринбург,Не оплачено,"0,00",Uchet_sdelok:36
ЖК Таллинксий парк (СПБ),ООО ПИК-Комфорт Профи,,,Реализация услуг Клининг (ОД),Поступление Клининг (ОД),"1 599 464,23",5%,"76 164,96","1 523 299,27","1 599 464,23",,,,,,,,"1 599 464,23",01.05.2026,31.05.2026,31.05.2026,5,30.06.2026,6,5,2026,30,31.05.2026,03.06.2026,6,, упд 123,на подписи,,,Санкт-Петербург,Не оплачено,"0,00",Uchet_sdelok:37
ЖК Твоя привилегия,​ ООО АПРИ КОМФОРТ ЕКАТЕРИНБУРГ ,,,Реализация услуг Клининг (ОД),Поступление Клининг (ОД),"897 679,06",5%,"42 746,62","854 932,44","897 679,06",,,,,,,,"897 679,06",01.05.2026,31.05.2026,31.05.2026,5,15.07.2026,7,5,2026,30,31.05.2026,03.06.2026,6,,упд 124,на подписи,,,Екатеринбург,Не оплачено,"0,00",Uchet_sdelok:38
ЖК River Парк,"ООО УК ""БАЗА""",,,Реализация услуг Клининг (ОД),Поступление Клининг (ОД),"194 910,94",5%,"9 281,47","185 629,47","194 910,94",,,,,,,,"194 910,94",23.05.2026,31.05.2026,31.05.2026,5,15.07.2026,7,5,2026,8,31.05.2026,03.06.2026,6,,упд 127,на подписи,,,Казань,Не оплачено,"0,00",Uchet_sdelok:39
ЖК River Парк,"ООО УК ""БАЗА-ЮГ""",,,Реализация услуг Клининг (ОД),Поступление Клининг (ОД),"50 806,45",5%,"2 419,35","48 387,10","50 806,45",,,,,,,,"50 806,45",23.05.2026,31.05.2026,31.05.2026,5,15.07.2026,7,5,2026,8,31.05.2026,03.06.2026,6,,упд 126,на подписи,,,Казань,Не оплачено,"0,00",Uchet_sdelok:40
ЖК Милый дом,"ООО УК ""БАЗА""",,,Реализация услуг Клининг (ОД),Поступление Клининг (ОД),"373 920,60",5%,"17 805,74","356 114,86","373 920,60",,,,,,,,"373 920,60",01.05.2026,31.05.2026,31.05.2026,5,15.07.2026,7,5,2026,30,31.05.2026,03.06.2026,6,,упд 125,на подписи,,,Екатеринбург,Не оплачено,"0,00",Uchet_sdelok:41
ЖК Курортный,ООО Самолет УК,,,Реализация услуг Клининг (ОД),Поступление Клининг (ОД),"412 706,09",5%,"19 652,67","393 053,42","412 706,09",,,,,,,,"412 706,09",20.05.2026,19.06.2026,19.06.2026,6,19.07.2026,7,6,2026,30,,, ,,,,,,Санкт-Петербург,Не оплачено,"0,00",Uchet_sdelok:49
ЖК Космонавтов 11,ООО ПИК-Комфорт Профи,,,Реализация услуг Клининг (ОД),Поступление Клининг (ОД),"1 732 090,24",5%,"82 480,49","1 649 609,75","1 732 090,24",,,,,,,,"1 732 090,24",01.06.2026,30.06.2026,30.06.2026,6,14.08.2026,8,6,2026,29,,,#VALUE!,,,,,,Екатеринбург,Не оплачено,"0,00",Uchet_sdelok:50
ЖК Исеть Парк,ООО ПИК-Комфорт Профи,,,Реализация услуг Клининг (ОД),Поступление Клининг (ОД),"749 636,00",5%,"35 696,95","713 939,05","749 636,00",,,,,,,,"749 636,00",01.06.2026,30.06.2026,30.06.2026,6,14.08.2026,8,6,2026,29,,,#VALUE!,,,,,,Екатеринбург,Не оплачено,"0,00",Uchet_sdelok:51
ЖК Нокса Парк,ООО ПИК-Комфорт Профи,,,Реализация услуг Клининг (ОД),Поступление Клининг (ОД),"529 606,70",5%,"25 219,37","504 387,33","529 606,70",,,,,,,,"529 606,70",01.06.2026,30.06.2026,30.06.2026,6,14.08.2026,8,6,2026,29,,, ,,,,,,Екатеринбург,Не оплачено,"0,00",Uchet_sdelok:53
ЖК Таллинксий парк (СПБ),ООО ПИК-Комфорт Профи,,,Реализация услуг Клининг (ОД),Поступление Клининг (ОД),"1 599 464,23",5%,"76 164,96","1 523 299,27","1 599 464,23",,,,,,,,"1 599 464,23",01.06.2026,30.06.2026,30.06.2026,6,30.07.2026,7,6,2026,29,,, ,,,,,,Санкт-Петербург,Не оплачено,"0,00",Uchet_sdelok:54
ЖК Твоя привилегия,​ ООО АПРИ КОМФОРТ ЕКАТЕРИНБУРГ ,,,Реализация услуг Клининг (ОД),Поступление Клининг (ОД),"897 679,06",5%,"42 746,62","854 932,44","897 679,06",,,,,,,,"897 679,06",01.06.2026,30.06.2026,30.06.2026,6,14.08.2026,8,6,2026,29,,, ,,,,,,Екатеринбург,Не оплачено,"0,00",Uchet_sdelok:55
ЖК Милый дом,"ООО УК ""БАЗА""",,,Реализация услуг Клининг (ОД),Поступление Клининг (ОД),"373 920,60",5%,"17 805,74","356 114,86","373 920,60",,,,,,,,"373 920,60",01.06.2026,30.06.2026,30.06.2026,6,14.08.2026,8,6,2026,29,,,,,,,,,Екатеринбург,Не оплачено,"0,00",Uchet_sdelok:56
ЖК River Парк,"ООО УК ""БАЗА-ЮГ""",,,Реализация услуг Клининг (ОД),Поступление Клининг (ОД),"175 000,00",5%,"8 333,33","166 666,67","175 000,00",,,,,,,,"175 000,00",01.06.2026,30.06.2026,30.06.2026,6,14.08.2026,8,6,2026,29,,,,,,,,,Казань,Не оплачено,"0,00",Uchet_sdelok:57
ЖК River Парк,"ООО УК ""БАЗА""",,,Реализация услуг Клининг (ОД),Поступление Клининг (ОД),"671 360,00",5%,"31 969,52","639 390,48","671 360,00",,,,,,,,"671 360,00",01.06.2026,30.06.2026,30.06.2026,6,14.08.2026,8,6,2026,29,,,,,,,,,Казань,Не оплачено,"0,00",Uchet_sdelok:58
ЖК Курортный,ООО Самолет УК,,,Реализация услуг Клининг (ОД),Поступление Клининг (ОД),"407 255,33",5%,"19 393,11","387 862,22","407 255,33",,,,,,,,"407 255,33",20.05.2026,19.06.2026,19.06.2026,6,19.07.2026,7,6,2026,30,,, ,,,,,,Санкт-Петербург,Не оплачено,"0,00",Uchet_sdelok:66
ЖК Курортный,ООО Самолет УК,,,Реализация услуг Клининг (ДУ),Поступление Клининг (ДУ),"578 745,61",5%,"27 559,31","551 186,30","578 745,61",,,,,,,,"578 745,61",20.05.2026,19.06.2026,19.06.2026,6,19.07.2026,7,6,2026,30,,, ,,,,,,Санкт-Петербург,Не оплачено,"0,00",Uchet_sdelok:68
ЖК Курортный,ООО Самолет УК,,,Реализация услуг Клининг (ДУ),Поступление Клининг (ДУ),"299 825,59",5%,"14 277,41","285 548,18","299 825,59",,,,,,,,"299 825,59",20.05.2026,19.06.2026,19.06.2026,6,19.07.2026,7,6,2026,30,,, ,,,,,,Санкт-Петербург,Не оплачено,"0,00",Uchet_sdelok:69
ЖК Космонавтов 11,ООО ПИК-Комфорт Профи,,,Реализация услуг Клининг (ОД),Поступление Клининг (ОД),"1 732 090,24",5%,"82 480,49","1 649 609,75","1 732 090,24",,,,,,,,"1 732 090,24",01.07.2026,31.07.2026,31.07.2026,7,14.09.2026,9,7,2026,30,,,#VALUE!,,,,,,Екатеринбург,Не оплачено,"0,00",Uchet_sdelok:70
ЖК Исеть Парк,ООО ПИК-Комфорт Профи,,,Реализация услуг Клининг (ОД),Поступление Клининг (ОД),"749 636,00",5%,"35 696,95","713 939,05","749 636,00",,,,,,,,"749 636,00",01.07.2026,31.07.2026,31.07.2026,7,14.09.2026,9,7,2026,30,,,#VALUE!,,,,,,Екатеринбург,Не оплачено,"0,00",Uchet_sdelok:71
ЖК Нокса Парк,ООО ПИК-Комфорт Профи,,,Реализация услуг Клининг (ОД),Поступление Клининг (ОД),"529 606,70",5%,"25 219,37","504 387,33","529 606,70",,,,,,,,"529 606,70",01.07.2026,31.07.2026,31.07.2026,7,14.09.2026,9,7,2026,30,,, ,,,,,,Екатеринбург,Не оплачено,"0,00",Uchet_sdelok:73
ЖК Таллинксий парк (СПБ),ООО ПИК-Комфорт Профи,,,Реализация услуг Клининг (ОД),Поступление Клининг (ОД),"1 599 464,23",5%,"76 164,96","1 523 299,27","1 599 464,23",,,,,,,,"1 599 464,23",01.07.2026,31.07.2026,31.07.2026,7,30.08.2026,8,7,2026,30,,, ,,,,,,Санкт-Петербург,Не оплачено,"0,00",Uchet_sdelok:74
ЖК Твоя привилегия,​ ООО АПРИ КОМФОРТ ЕКАТЕРИНБУРГ ,,,Реализация услуг Клининг (ОД),Поступление Клининг (ОД),"897 679,06",5%,"42 746,62","854 932,44","897 679,06",,,,,,,,"897 679,06",01.07.2026,31.07.2026,31.07.2026,7,14.09.2026,9,7,2026,30,,, ,,,,,,Екатеринбург,Не оплачено,"0,00",Uchet_sdelok:75
ЖК Милый дом,"ООО УК ""БАЗА""",,,Реализация услуг Клининг (ОД),Поступление Клининг (ОД),"373 920,60",5%,"17 805,74","356 114,86","373 920,60",,,,,,,,"373 920,60",01.07.2026,31.07.2026,31.07.2026,7,14.09.2026,9,7,2026,30,,,,,,,,,Екатеринбург,Не оплачено,"0,00",Uchet_sdelok:76
ЖК River Парк,"ООО УК ""БАЗА-ЮГ""",,,Реализация услуг Клининг (ОД),Поступление Клининг (ОД),"175 000,00",5%,"8 333,33","166 666,67","175 000,00",,,,,,,,"175 000,00",01.07.2026,31.07.2026,31.07.2026,7,14.09.2026,9,7,2026,30,,,,,,,,,Казань,Не оплачено,"0,00",Uchet_sdelok:77
ЖК River Парк,"ООО УК ""БАЗА""",,,Реализация услуг Клининг (ОД),Поступление Клининг (ОД),"671 360,00",5%,"31 969,52","639 390,48","671 360,00",,,,,,,,"671 360,00",01.07.2026,31.07.2026,31.07.2026,7,14.09.2026,9,7,2026,30,,,,,,,,,Казань,Не оплачено,"0,00",Uchet_sdelok:78
ЖК Курортный,ООО Самолет УК,,,Реализация услуг Клининг (ОД),Поступление Клининг (ОД),"412 706,09",5%,"19 652,67","393 053,42","412 706,09",,,,,,,,"412 706,09",20.06.2026,19.07.2026,19.07.2026,7,18.08.2026,8,7,2026,29,,, ,,,,,,Санкт-Петербург,Не оплачено,"0,00",Uchet_sdelok:86
ЖК Курортный,ООО Самолет УК,,,Реализация услуг Клининг (ОД),Поступление Клининг (ОД),"407 255,33",5%,"19 393,11","387 862,22","407 255,33",,,,,,,,"407 255,33",20.06.2026,19.07.2026,19.07.2026,7,18.08.2026,8,7,2026,29,,, ,,,,,,Санкт-Петербург,Не оплачено,"0,00",Uchet_sdelok:87
ЖК Курортный,ООО Самолет УК,,,Реализация услуг Клининг (ДУ),Поступление Клининг (ДУ),"578 745,61",5%,"27 559,31","551 186,30","578 745,61",,,,,,,,"578 745,61",20.06.2026,19.07.2026,19.07.2026,7,18.08.2026,8,7,2026,29,,, ,,,,,,Санкт-Петербург,Не оплачено,"0,00",Uchet_sdelok:89
ЖК Космонавтов 11,ООО ПИК-Комфорт Профи,,,Реализация услуг Клининг (ОД),Поступление Клининг (ОД),"1 732 090,24",5%,"82 480,49","1 649 609,75","1 732 090,24",,,,,,,,"1 732 090,24",01.08.2026,31.08.2026,31.08.2026,8,15.10.2026,10,8,2026,30,,,#VALUE!,,,,,,Екатеринбург,Не оплачено,"0,00",Uchet_sdelok:90
ЖК Исеть Парк,ООО ПИК-Комфорт Профи,,,Реализация услуг Клининг (ОД),Поступление Клининг (ОД),"749 636,00",5%,"35 696,95","713 939,05","749 636,00",,,,,,,,"749 636,00",01.08.2026,31.08.2026,31.08.2026,8,15.10.2026,10,8,2026,30,,,#VALUE!,,,,,,Екатеринбург,Не оплачено,"0,00",Uchet_sdelok:91
ЖК Нокса Парк,ООО ПИК-Комфорт Профи,,,Реализация услуг Клининг (ОД),Поступление Клининг (ОД),"529 606,70",5%,"25 219,37","504 387,33","529 606,70",,,,,,,,"529 606,70",01.08.2026,31.08.2026,31.08.2026,8,15.10.2026,10,8,2026,30,,, ,,,,,,Екатеринбург,Не оплачено,"0,00",Uchet_sdelok:93
ЖК Таллинксий парк (СПБ),ООО ПИК-Комфорт Профи,,,Реализация услуг Клининг (ОД),Поступление Клининг (ОД),"1 599 464,23",5%,"76 164,96","1 523 299,27","1 599 464,23",,,,,,,,"1 599 464,23",01.08.2026,31.08.2026,31.08.2026,8,30.09.2026,9,8,2026,30,,, ,,,,,,Санкт-Петербург,Не оплачено,"0,00",Uchet_sdelok:94
ЖК Твоя привилегия,​ ООО АПРИ КОМФОРТ ЕКАТЕРИНБУРГ ,,,Реализация услуг Клининг (ОД),Поступление Клининг (ОД),"897 679,06",5%,"42 746,62","854 932,44","897 679,06",,,,,,,,"897 679,06",01.08.2026,31.08.2026,31.08.2026,8,15.10.2026,10,8,2026,30,,, ,,,,,,Екатеринбург,Не оплачено,"0,00",Uchet_sdelok:95
ЖК Милый дом,"ООО УК ""БАЗА""",,,Реализация услуг Клининг (ОД),Поступление Клининг (ОД),"373 920,60",5%,"17 805,74","356 114,86","373 920,60",,,,,,,,"373 920,60",01.08.2026,31.08.2026,31.08.2026,8,15.10.2026,10,8,2026,30,,,,,,,,,Екатеринбург,Не оплачено,"0,00",Uchet_sdelok:96
ЖК River Парк,"ООО УК ""БАЗА-ЮГ""",,,Реализация услуг Клининг (ОД),Поступление Клининг (ОД),"175 000,00",5%,"8 333,33","166 666,67","175 000,00",,,,,,,,"175 000,00",01.08.2026,31.08.2026,31.08.2026,8,15.10.2026,10,8,2026,30,,,,,,,,,Казань,Не оплачено,"0,00",Uchet_sdelok:97
ЖК River Парк,"ООО УК ""БАЗА""",,,Реализация услуг Клининг (ОД),Поступление Клининг (ОД),"671 360,00",5%,"31 969,52","639 390,48","671 360,00",,,,,,,,"671 360,00",01.08.2026,31.08.2026,31.08.2026,8,15.10.2026,10,8,2026,30,,,,,,,,,Казань,Не оплачено,"0,00",Uchet_sdelok:98
ЖК Курортный,ООО Самолет УК,,,Реализация услуг Клининг (ДУ),Поступление Клининг (ДУ),"299 825,59",5%,"14 277,41","285 548,18","299 825,59",,,,,,,,"299 825,59",20.06.2026,19.07.2026,19.07.2026,7,18.08.2026,8,7,2026,29,,, ,,,,,,Санкт-Петербург,Не оплачено,"0,00",Uchet_sdelok:106
ЖК Курортный,ООО Самолет УК,,,Реализация услуг Клининг (ОД),Поступление Клининг (ОД),"412 706,09",5%,"19 652,67","393 053,42","412 706,09",,,,,,,,"412 706,09",20.07.2026,19.08.2026,19.08.2026,8,18.09.2026,9,8,2026,30,,, ,,,,,,Санкт-Петербург,Не оплачено,"0,00",Uchet_sdelok:107
ЖК Курортный,ООО Самолет УК,,,Реализация услуг Клининг (ОД),Поступление Клининг (ОД),"407 255,33",5%,"19 393,11","387 862,22","407 255,33",,,,,,,,"407 255,33",20.07.2026,19.08.2026,19.08.2026,8,18.09.2026,9,8,2026,30,,, ,,,,,,Санкт-Петербург,Не оплачено,"0,00",Uchet_sdelok:108
ЖК Космонавтов 11,ООО ПИК-Комфорт Профи,,,Реализация услуг Клининг (ОД),Поступление Клининг (ОД),"1 732 090,24",5%,"82 480,49","1 649 609,75","1 732 090,24",,,,,,,,"1 732 090,24",01.09.2026,30.09.2026,30.09.2026,9,14.11.2026,11,9,2026,29,,,#VALUE!,,,,,,Екатеринбург,Не оплачено,"0,00",Uchet_sdelok:110
ЖК Исеть Парк,ООО ПИК-Комфорт Профи,,,Реализация услуг Клининг (ОД),Поступление Клининг (ОД),"749 636,00",5%,"35 696,95","713 939,05","749 636,00",,,,,,,,"749 636,00",01.09.2026,30.09.2026,30.09.2026,9,14.11.2026,11,9,2026,29,,,#VALUE!,,,,,,Екатеринбург,Не оплачено,"0,00",Uchet_sdelok:111
ЖК Нокса Парк,ООО ПИК-Комфорт Профи,,,Реализация услуг Клининг (ОД),Поступление Клининг (ОД),"529 606,70",5%,"25 219,37","504 387,33","529 606,70",,,,,,,,"529 606,70",01.09.2026,30.09.2026,30.09.2026,9,14.11.2026,11,9,2026,29,,, ,,,,,,Екатеринбург,Не оплачено,"0,00",Uchet_sdelok:113
ЖК Таллинксий парк (СПБ),ООО ПИК-Комфорт Профи,,,Реализация услуг Клининг (ОД),Поступление Клининг (ОД),"1 599 464,23",5%,"76 164,96","1 523 299,27","1 599 464,23",,,,,,,,"1 599 464,23",01.09.2026,30.09.2026,30.09.2026,9,30.10.2026,10,9,2026,29,,, ,,,,,,Санкт-Петербург,Не оплачено,"0,00",Uchet_sdelok:114
ЖК Твоя привилегия,​ ООО АПРИ КОМФОРТ ЕКАТЕРИНБУРГ ,,,Реализация услуг Клининг (ОД),Поступление Клининг (ОД),"897 679,06",5%,"42 746,62","854 932,44","897 679,06",,,,,,,,"897 679,06",01.09.2026,30.09.2026,30.09.2026,9,14.11.2026,11,9,2026,29,,, ,,,,,,Екатеринбург,Не оплачено,"0,00",Uchet_sdelok:115
ЖК Милый дом,"ООО УК ""БАЗА""",,,Реализация услуг Клининг (ОД),Поступление Клининг (ОД),"373 920,60",5%,"17 805,74","356 114,86","373 920,60",,,,,,,,"373 920,60",01.09.2026,30.09.2026,30.09.2026,9,14.11.2026,11,9,2026,29,,,,,,,,,Екатеринбург,Не оплачено,"0,00",Uchet_sdelok:116
ЖК River Парк,"ООО УК ""БАЗА-ЮГ""",,,Реализация услуг Клининг (ОД),Поступление Клининг (ОД),"175 000,00",5%,"8 333,33","166 666,67","175 000,00",,,,,,,,"175 000,00",01.09.2026,30.09.2026,30.09.2026,9,14.11.2026,11,9,2026,29,,,,,,,,,Казань,Не оплачено,"0,00",Uchet_sdelok:117
ЖК River Парк,"ООО УК ""БАЗА""",,,Реализация услуг Клининг (ОД),Поступление Клининг (ОД),"671 360,00",5%,"31 969,52","639 390,48","671 360,00",,,,,,,,"671 360,00",01.09.2026,30.09.2026,30.09.2026,9,14.11.2026,11,9,2026,29,,,,,,,,,Казань,Не оплачено,"0,00",Uchet_sdelok:118
ЖК Курортный,ООО Самолет УК,,,Реализация услуг Клининг (ДУ),Поступление Клининг (ДУ),"578 745,61",5%,"27 559,31","551 186,30","578 745,61",,,,,,,,"578 745,61",20.07.2026,19.08.2026,19.08.2026,8,18.09.2026,9,8,2026,30,,, ,,,,,,Санкт-Петербург,Не оплачено,"0,00",Uchet_sdelok:126
ЖК Курортный,ООО Самолет УК,,,Реализация услуг Клининг (ДУ),Поступление Клининг (ДУ),"299 825,59",5%,"14 277,41","285 548,18","299 825,59",,,,,,,,"299 825,59",20.07.2026,19.08.2026,19.08.2026,8,18.09.2026,9,8,2026,30,,, ,,,,,,Санкт-Петербург,Не оплачено,"0,00",Uchet_sdelok:127
ЖК Курортный,ООО Самолет УК,,,Реализация услуг Клининг (ОД),Поступление Клининг (ОД),"412 706,09",5%,"19 652,67","393 053,42","412 706,09",,,,,,,,"412 706,09",20.08.2026,19.09.2026,19.09.2026,9,19.10.2026,10,9,2026,30,,, ,,,,,,Санкт-Петербург,Не оплачено,"0,00",Uchet_sdelok:128
ЖК Космонавтов 11,ООО ПИК-Комфорт Профи,,,Реализация услуг Клининг (ОД),Поступление Клининг (ОД),"1 732 090,24",5%,"82 480,49","1 649 609,75","1 732 090,24",,,,,,,,"1 732 090,24",01.10.2026,31.10.2026,31.10.2026,10,15.12.2026,12,10,2026,30,,,#VALUE!,,,,,,Екатеринбург,Не оплачено,"0,00",Uchet_sdelok:129
ЖК Исеть Парк,ООО ПИК-Комфорт Профи,,,Реализация услуг Клининг (ОД),Поступление Клининг (ОД),"749 636,00",5%,"35 696,95","713 939,05","749 636,00",,,,,,,,"749 636,00",01.10.2026,31.10.2026,31.10.2026,10,15.12.2026,12,10,2026,30,,,#VALUE!,,,,,,Екатеринбург,Не оплачено,"0,00",Uchet_sdelok:130
ЖК Нокса Парк,ООО ПИК-Комфорт Профи,,,Реализация услуг Клининг (ОД),Поступление Клининг (ОД),"529 606,70",5%,"25 219,37","504 387,33","529 606,70",,,,,,,,"529 606,70",01.10.2026,31.10.2026,31.10.2026,10,15.12.2026,12,10,2026,30,,, ,,,,,,Екатеринбург,Не оплачено,"0,00",Uchet_sdelok:132
ЖК Таллинксий парк (СПБ),ООО ПИК-Комфорт Профи,,,Реализация услуг Клининг (ОД),Поступление Клининг (ОД),"1 599 464,23",5%,"76 164,96","1 523 299,27","1 599 464,23",,,,,,,,"1 599 464,23",01.10.2026,31.10.2026,31.10.2026,10,30.11.2026,11,10,2026,30,,, ,,,,,,Санкт-Петербург,Не оплачено,"0,00",Uchet_sdelok:133
ЖК Твоя привилегия,​ ООО АПРИ КОМФОРТ ЕКАТЕРИНБУРГ ,,,Реализация услуг Клининг (ОД),Поступление Клининг (ОД),"897 679,06",5%,"42 746,62","854 932,44","897 679,06",,,,,,,,"897 679,06",01.10.2026,31.10.2026,31.10.2026,10,15.12.2026,12,10,2026,30,,, ,,,,,,Екатеринбург,Не оплачено,"0,00",Uchet_sdelok:134
ЖК Милый дом,"ООО УК ""БАЗА""",,,Реализация услуг Клининг (ОД),Поступление Клининг (ОД),"373 920,60",5%,"17 805,74","356 114,86","373 920,60",,,,,,,,"373 920,60",01.10.2026,31.10.2026,31.10.2026,10,15.12.2026,12,10,2026,30,,,,,,,,,Екатеринбург,Не оплачено,"0,00",Uchet_sdelok:135
ЖК River Парк,"ООО УК ""БАЗА-ЮГ""",,,Реализация услуг Клининг (ОД),Поступление Клининг (ОД),"175 000,00",5%,"8 333,33","166 666,67","175 000,00",,,,,,,,"175 000,00",01.10.2026,31.10.2026,31.10.2026,10,15.12.2026,12,10,2026,30,,,,,,,,,Казань,Не оплачено,"0,00",Uchet_sdelok:136
ЖК River Парк,"ООО УК ""БАЗА""",,,Реализация услуг Клининг (ОД),Поступление Клининг (ОД),"671 360,00",5%,"31 969,52","639 390,48","671 360,00",,,,,,,,"671 360,00",01.10.2026,31.10.2026,31.10.2026,10,15.12.2026,12,10,2026,30,,,,,,,,,Казань,Не оплачено,"0,00",Uchet_sdelok:137
ЖК Курортный,ООО Самолет УК,,,Реализация услуг Клининг (ОД),Поступление Клининг (ОД),"407 255,33",5%,"19 393,11","387 862,22","407 255,33",,,,,,,,"407 255,33",20.08.2026,19.09.2026,19.09.2026,9,19.10.2026,10,9,2026,30,,, ,,,,,,Санкт-Петербург,Не оплачено,"0,00",Uchet_sdelok:145
ЖК Курортный,ООО Самолет УК,,,Реализация услуг Клининг (ДУ),Поступление Клининг (ДУ),"578 745,61",5%,"27 559,31","551 186,30","578 745,61",,,,,,,,"578 745,61",20.08.2026,19.09.2026,19.09.2026,9,19.10.2026,10,9,2026,30,,, ,,,,,,Санкт-Петербург,Не оплачено,"0,00",Uchet_sdelok:147
ЖК Курортный,ООО Самолет УК,,,Реализация услуг Клининг (ДУ),Поступление Клининг (ДУ),"299 825,59",5%,"14 277,41","285 548,18","299 825,59",,,,,,,,"299 825,59",20.08.2026,19.09.2026,19.09.2026,9,19.10.2026,10,9,2026,30,,, ,,,,,,Санкт-Петербург,Не оплачено,"0,00",Uchet_sdelok:148
ЖК Курортный,ООО Самолет УК,,,Реализация услуг Клининг (ОД),Поступление Клининг (ОД),"412 706,09",5%,"19 652,67","393 053,42","412 706,09",,,,,,,,"412 706,09",20.09.2026,19.10.2026,20.10.2026,10,19.11.2026,11,10,2026,29,,, ,,,,,,Санкт-Петербург,Не оплачено,"0,00",Uchet_sdelok:149
ЖК Космонавтов 11,ООО ПИК-Комфорт Профи,,,Реализация услуг Клининг (ОД),Поступление Клининг (ОД),"2 090 893,11",5%,"99 566,34","1 991 326,77","2 090 893,11",,,,,,,,"2 090 893,11",01.11.2026,30.11.2026,30.11.2026,11,14.01.2027,1,,2026,29,,,#VALUE!,,,,,,Екатеринбург,Не оплачено,"0,00",Uchet_sdelok:150
ЖК Нокса Парк,ООО ПИК-Комфорт Профи,,,Реализация услуг Клининг (ОД),Поступление Клининг (ОД),"595 870,35",5%,"28 374,78","567 495,57","595 870,35",,,,,,,,"595 870,35",01.11.2026,30.11.2026,30.11.2026,11,14.01.2027,1,11,2026,29,,, ,,,,,,Екатеринбург,Не оплачено,"0,00",Uchet_sdelok:153
ЖК Таллинксий парк (СПБ),ООО ПИК-Комфорт Профи,,,Реализация услуг Клининг (ОД),Поступление Клининг (ОД),"1 599 464,23",5%,"76 164,96","1 523 299,27","1 599 464,23",,,,,,,,"1 599 464,23",01.11.2026,30.11.2026,30.11.2026,11,30.12.2026,12,11,2026,29,,, ,,,,,,Санкт-Петербург,Не оплачено,"0,00",Uchet_sdelok:154
ЖК Твоя привилегия,​ ООО АПРИ КОМФОРТ ЕКАТЕРИНБУРГ ,,,Реализация услуг Клининг (ОД),Поступление Клининг (ОД),"897 679,06",5%,"42 746,62","854 932,44","897 679,06",,,,,,,,"897 679,06",01.11.2026,30.11.2026,30.11.2026,11,14.01.2027,1,11,2026,29,,, ,,,,,,Екатеринбург,Не оплачено,"0,00",Uchet_sdelok:155
ЖК Милый дом,"ООО УК ""БАЗА""",,,Реализация услуг Клининг (ОД),Поступление Клининг (ОД),"373 920,60",5%,"17 805,74","356 114,86","373 920,60",,,,,,,,"373 920,60",01.11.2026,30.11.2026,30.11.2026,11,30.12.2026,12,11,2026,29,,,,,,,,,Екатеринбург,Не оплачено,"0,00",Uchet_sdelok:156
ЖК River Парк,"ООО УК ""БАЗА-ЮГ""",,,Реализация услуг Клининг (ОД),Поступление Клининг (ОД),"175 000,00",5%,"8 333,33","166 666,67","175 000,00",,,,,,,,"175 000,00",01.11.2026,30.11.2026,30.11.2026,11,30.12.2026,12,11,2026,29,,,,,,,,,Казань,Не оплачено,"0,00",Uchet_sdelok:157
ЖК River Парк,"ООО УК ""БАЗА""",,,Реализация услуг Клининг (ОД),Поступление Клининг (ОД),"703 000,00",5%,"33 476,19","669 523,81","703 000,00",,,,,,,,"703 000,00",01.11.2026,30.11.2026,30.11.2026,11,30.12.2026,12,11,2026,29,,,,,,,,,Казань,Не оплачено,"0,00",Uchet_sdelok:158
ЖК Курортный,ООО Самолет УК,,,Реализация услуг Клининг (ОД),Поступление Клининг (ОД),"407 255,33",5%,"19 393,11","387 862,22","407 255,33",,,,,,,,"407 255,33",21.09.2026,20.10.2026,21.10.2026,10,20.11.2026,11,10,2026,29,,, ,,,,,,Санкт-Петербург,Не оплачено,"0,00",Uchet_sdelok:166
ЖК Курортный,ООО Самолет УК,,,Реализация услуг Клининг (ОД),Поступление Клининг (ОД),"461 430,77",5%,"21 972,89","439 457,88","461 430,77",,,,,,,,"461 430,77",22.09.2026,21.10.2026,22.10.2026,10,21.11.2026,11,10,2026,29,,, ,,,,,,Санкт-Петербург,Не оплачено,"0,00",Uchet_sdelok:167
ЖК Космонавтов 11,ООО ПИК-Комфорт Профи,,,Реализация услуг Клининг (ОД),Поступление Клининг (ОД),"2 090 893,11",5%,"99 566,34","1 991 326,77","2 090 893,11",,,,,,,,"2 090 893,11",01.12.2026,31.12.2026,31.12.2026,12,14.02.2027,2,12,2026,30,,,#VALUE!,,,,,,Екатеринбург,Не оплачено,"0,00",Uchet_sdelok:168
ЖК Нокса Парк,ООО ПИК-Комфорт Профи,,,Реализация услуг Клининг (ОД),Поступление Клининг (ОД),"595 870,35",5%,"28 374,78","567 495,57","595 870,35",,,,,,,,"595 870,35",01.12.2026,31.12.2026,31.12.2026,12,14.02.2027,2,12,2026,30,,, ,,,,,,Екатеринбург,Не оплачено,"0,00",Uchet_sdelok:171
ЖК Таллинксий парк (СПБ),ООО ПИК-Комфорт Профи,,,Реализация услуг Клининг (ОД),Поступление Клининг (ОД),"1 599 464,23",5%,"76 164,96","1 523 299,27","1 599 464,23",,,,,,,,"1 599 464,23",01.12.2026,31.12.2026,31.12.2026,12,30.01.2027,1,12,2026,30,,, ,,,,,,Санкт-Петербург,Не оплачено,"0,00",Uchet_sdelok:172
ЖК Твоя привилегия,​ ООО АПРИ КОМФОРТ ЕКАТЕРИНБУРГ ,,,Реализация услуг Клининг (ОД),Поступление Клининг (ОД),"897 679,06",5%,"42 746,62","854 932,44","897 679,06",,,,,,,,"897 679,06",01.12.2026,31.12.2026,31.12.2026,12,14.02.2027,2,12,2026,30,,, ,,,,,,Екатеринбург,Не оплачено,"0,00",Uchet_sdelok:173
ЖК Курортный,ООО Самолет УК,,,Реализация услуг Клининг (ОД),Поступление Клининг (ОД),"412 706,09",5%,"19 652,67","393 053,42","412 706,09",,,,,,,,"412 706,09",20.10.2026,19.11.2026,20.11.2026,11,20.12.2026,12,11,2026,30,,, ,,,,,,Санкт-Петербург,Не оплачено,"0,00",Uchet_sdelok:174
ЖК Курортный,ООО Самолет УК,,,Реализация услуг Клининг (ОД),Поступление Клининг (ОД),"407 255,33",5%,"19 393,11","387 862,22","407 255,33",,,,,,,,"407 255,33",20.10.2026,19.11.2026,20.11.2026,11,20.12.2026,12,11,2026,30,,, ,,,,,,Санкт-Петербург,Не оплачено,"0,00",Uchet_sdelok:175
ЖК Курортный,ООО Самолет УК,,,Реализация услуг Клининг (ОД),Поступление Клининг (ОД),"412 706,09",5%,"19 652,67","393 053,42","412 706,09",,,,,,,,"412 706,09",20.11.2026,19.12.2026,20.12.2026,12,19.01.2027,1,12,2026,29,,, ,,,,,,Санкт-Петербург,Не оплачено,"0,00",Uchet_sdelok:177
ЖК Курортный,ООО Самолет УК,,,Реализация услуг Клининг (ОД),Поступление Клининг (ОД),"407 255,33",5%,"19 393,11","387 862,22","407 255,33",,,,,,,,"407 255,33",20.11.2026,19.12.2026,20.12.2026,12,19.01.2027,1,12,2026,29,,, ,,,,,,Санкт-Петербург,Не оплачено,"0,00",Uchet_sdelok:178
ЖК Астон.Реформа (Куй),"ООО УК ""БАЗА""",,,Реализация услуг Клининг (ОД),Поступление Клининг (ОД),"96 000,00",,"0,00","96 000,00","96 000,00",,,,,,,,"96 000,00",01.05.2026,31.05.2026,31.05.2026,5,07.05.2026,5,5,2026,30,,,,,,,,,Казань,Не оплачено,"0,00",Uchet_sdelok:180
ЖК Астон.Движение (Пех),"ООО УК ""БАЗА""",,,Реализация услуг Клининг (ОД),Поступление Клининг (ОД),"164 000,00",,"0,00","164 000,00","164 000,00",,,,,,,,"164 000,00",01.05.2026,31.05.2026,31.05.2026,5,15.05.2026,5,5,2026,30,,,,,,,,,Казань,Не оплачено,"0,00",Uchet_sdelok:181
ЖК Астон.Реформа (Куй),"ООО УК ""БАЗА""",,,Реализация услуг Клининг (ОД),Поступление Клининг (ОД),"96 000,00",,"0,00","96 000,00","96 000,00",,,,,,,,"96 000,00",01.06.2026,30.06.2026,30.06.2026,6,16.04.2026,4,6,2026,29,,,,,,,,,Казань,Не оплачено,"0,00",Uchet_sdelok:182
ЖК Астон.Движение (Пех),"ООО УК ""БАЗА""",,,Реализация услуг Клининг (ОД),Поступление Клининг (ОД),"164 000,00",,"0,00","164 000,00","164 000,00",,,,,,,,"164 000,00",01.06.2026,30.06.2026,30.06.2026,6,10.07.2026,7,6,2026,29,,,,,,,,,Казань,Не оплачено,"0,00",Uchet_sdelok:183
